,CharName,CharID,Event
0,Alicia Masters,1009435,116
1,Alpha Flight,1010370,116
2,Ancient One,1009152,116
3,Apocalypse,1009156,116
4,Archangel,1009159,116
5,Avengers,1009165,116
6,Banshee,1009168,116
7,Beast,1009175,116
8,Beetle (Abner Jenkins),1009179,116
9,Ben Grimm,1009329,116
10,Black Knight (Sir Percy of Scandia),1009186,116
11,Black Widow,1009189,116
12,Boom Boom,1010366,116
13,Bruce Banner,1009167,116
14,Bushwacker,1009213,116
15,Captain America,1009220,116
16,Captain Universe,1011027,116
17,Chameleon,1009234,116
18,Clea,1009239,116
19,Colossus,1009243,116
20,Constrictor,1009245,116
21,Cyclops,1009257,116
22,Dani Moonstar,1009453,116
23,Daredevil,1009262,116
24,Dazzler,1009267,116
25,Doctor Doom,1009281,116
26,Doctor Strange,1009282,116
27,Enchantress (Amora),1010671,116
28,Falcon,1009297,116
29,Fantastic Four,1009299,116
30,Felicia Hardy,1009335,116
31,Firestar,1009306,116
32,Forge,1009309,116
33,Franklin Richards,1009539,116
34,Gorgon,1009324,116
35,Grey Gargoyle,1011420,116
36,Harry Osborn,1009486,116
37,Havok,1009337,116
38,Hellcat (Patsy Walker),1010351,116
39,Hobgoblin (Roderick Kingsley),1009347,116
40,Hulk,1009351,116
41,Human Torch,1009356,116
42,Hydro-Man,1009360,116
43,Iceman,1009362,116
44,Impossible Man,1009364,116
45,Invisible Woman,1009366,116
46,Iron Man,1009368,116
47,Jubilee,1009381,116
48,Juggernaut,1009382,116
49,Karnak,1009385,116
50,Kingpin,1009389,116
51,Legion,1009399,116
52,Lilandra,1009402,116
53,Loki,1009407,116
54,Magneto,1009417,116
55,Mandarin,1009421,116
56,Marvel Boy,1009427,116
57,Mary Jane Watson,1009708,116
58,Mojo,1009448,116
59,Morbius,1009454,116
60,Mr. Fantastic,1009459,116
61,Mr. Hyde,1010347,116
62,Namor,1009466,116
63,Namorita,1009469,116
64,New Mutants,1011336,116
65,Nick Fury,1009471,116
66,Night Thrasher,1010684,116
67,Nova,1009477,116
68,Odin,1009480,116
69,Penance (Robert Baldwin),1009493,116
70,Peter Parker,1009491,116
71,Psylocke,1009512,116
72,Punisher,1009515,116
73,Quasar (Phyla-Vell),1009523,116
74,Red Skull,1009535,116
75,Rhino,1009537,116
76,Rogue,1009546,116
77,Scarlet Witch,1009562,116
78,Sebastian Shaw,1009581,116
79,Serpent Society,1009572,116
80,Shadow King,1009573,116
81,She-Hulk (Jennifer Walters),1009583,116
82,Shocker (Herman Schultz),1009585,116
83,Silver Surfer,1009592,116
84,Spider-Man,1009610,116
85,Spiral (Rita Wayword),1009614,116
86,Storm,1009629,116
87,Sub-Mariner,1010791,116
88,Thing,1009662,116
89,Thor,1009664,116
90,Thunderball,1010885,116
91,Tiger Shark,1009669,116
92,U-Foes,1011315,116
93,Ultron,1009685,116
94,Vanisher (Telford Porter),1011365,116
95,Vision,1009697,116
96,Vulture (Adrian Toomes),1009699,116
97,Warlock (Technarchy),1011287,116
98,Wolverine,1009718,116
99,Wonder Man,1009719,116
100,Wong,1009720,116
101,Wrecker,1010884,116
102,X-Men,1009726,116
103,Abyss,1009149,227
104,Abyss (Age of Apocalypse),1010903,227
105,Angel (Warren Worthington III),1009153,227
106,Apocalypse,1009156,227
107,Arcade,1009158,227
108,Archangel,1009159,227
109,Aurora,1009163,227
110,Banshee,1009168,227
111,Banshee (Theresa Rourke),1009596,227
112,Beast,1009175,227
113,Bishop,1009182,227
114,Blink,1009197,227
115,Blob,1009199,227
116,Boomer,1009205,227
117,Brute,1009210,227
118,Cable,1009214,227
119,Callisto (Age of Apocalypse),1010912,227
120,Cannonball,1009219,227
121,Captain Britain,1009223,227
122,Carol Danvers,1009261,227
123,Colossus,1009243,227
124,Cyclops,1009257,227
125,Death,1009269,227
126,Destiny,1009271,227
127,Domino,1009277,227
128,Emma Frost,1009310,227
129,Emplate,1009292,227
130,Exodus,1009295,227
131,Forge,1009309,227
132,Gambit,1009313,227
133,Havok,1009337,227
134,Holocaust (Age of Apocalypse),1009349,227
135,Husk,1009357,227
136,Iceman,1009362,227
137,Jean Grey,1009327,227
138,Jubilee,1009381,227
139,Jubilee (Age of Apocalypse),1010936,227
140,Karma,1011386,227
141,Kitty Pryde,1009508,227
142,Legion,1009399,227
143,Madelyne Pryor,1009509,227
144,Magik (Illyana Rasputin),1009415,227
145,Magma (Amara Aquilla),1009416,227
146,Magneto,1009417,227
147,Magneto (Age of Apocalypse),1010944,227
148,Mariko Yashida,1009735,227
149,Marrow,1009425,227
150,Mastermind,1009434,227
151,Mikhail Rasputin,1009530,227
152,Mister Sinister,1009447,227
153,Moira MacTaggert,1009410,227
154,Morph,1009456,227
155,Mystique,1009465,227
156,Mystique (Age of Apocalypse),1010953,227
157,Nightcrawler,1009472,227
158,Northstar,1009476,227
159,Polaris,1009499,227
160,Professor X,1009504,227
161,Psylocke,1009512,227
162,Quicksilver,1009524,227
163,Quicksilver (Age of Apocalypse),1010964,227
164,Rictor,1009542,227
165,Rogue,1009546,227
166,Rogue (Age of Apocalypse),1010967,227
167,Sabretooth,1009554,227
168,Sabretooth (Age of Apocalypse),1010969,227
169,Sauron,1009561,227
170,Scarlet Witch,1009562,227
171,Shadow King (Age of Apocalypse),1010973,227
172,Shatterstar,1009580,227
173,Skin,1009598,227
174,Storm,1009629,227
175,Storm (Age of Apocalypse),1010979,227
176,Sunfire,1009636,227
177,Sunfire (Age of Apocalypse),1010981,227
178,Sunspot,1009638,227
179,Synch,1009643,227
180,The Renegades,1011211,227
181,The Stranger,1009660,227
182,Toad,1009673,227
183,Unus,1009687,227
184,Unus (Age of Apocalypse),1010987,227
185,War (Abraham Kieros),1009701,227
186,Warpath,1009705,227
187,Weapon X,1009709,227
188,Wild Child,1009715,227
189,Wild Child (Age of Apocalypse),1010994,227
190,Wolverine,1009718,227
191,X-Force,1009724,227
192,X-Man,1009725,227
193,X-Men,1009726,227
194,Avengers,1009165,314
195,Black Widow,1009189,314
196,Captain America,1009220,314
197,Doctor Doom,1009281,314
198,Hawkeye,1009338,314
199,Kang,1009384,314
200,Luke Cage,1009215,314
201,Moon Knight,1009452,314
202,She-Hulk (Jennifer Walters),1009583,314
203,Spider-Man,1009610,314
204,Ultron,1009685,314
205,Vision,1009697,314
206,Wolverine,1009718,314
207,X-Men,1009726,314
208,Arcade,1009158,303
209,Avalanche,1009164,303
210,Avengers,1009165,303
211,Beast,1009175,303
212,Blob,1009199,303
213,Cannonball,1009219,303
214,Captain America,1009220,303
215,Cecilia Reyes,1009536,303
216,Chamber,1009233,303
217,Colossus,1009243,303
218,Cyclops,1009257,303
219,Dazzler,1009267,303
220,Domino,1009277,303
221,Emma Frost,1009310,303
222,Frank Castle,1009229,303
223,Gambit,1009313,303
224,Ghost Rider (Johnny Blaze),1009318,303
225,Havok,1009337,303
226,Hellion,1010678,303
227,Hulk,1009351,303
228,Husk,1009357,303
229,Iceman,1009362,303
230,Invisible Woman,1009366,303
231,Iron Man,1009368,303
232,Jessica Drew,1010667,303
233,Jubilee,1009381,303
234,Legion,1009399,303
235,Magma (Amara Aquilla),1009416,303
236,Magneto,1009417,303
237,Moira MacTaggert,1009410,303
238,Mystique,1009465,303
239,Namor,1009466,303
240,New Mutants,1011336,303
241,Nightmare,1009473,303
242,Pixie,1011179,303
243,Professor X,1009504,303
244,Reaper,1009532,303
245,Rockslide,1010692,303
246,Rogue,1009546,303
247,Sabretooth,1009554,303
248,Storm,1009629,303
249,Sub-Mariner,1010791,303
250,Toad,1009673,303
251,Wolverine,1009718,303
252,X-Men,1009726,303
253,Air-Walker (Gabriel Lan),1011136,229
254,Annihilus,1009154,229
255,Baroness S'Bak,1011137,229
256,Blastaar,1009195,229
257,Cammi,1011139,229
258,Devos,1011142,229
259,Drax,1010735,229
260,Firelord,1009305,229
261,Forgotten One,1011177,229
262,Galactus,1009312,229
263,Gamora,1010763,229
264,Glorian,1011144,229
265,Korath,1011147,229
266,Lord Hawal,1011145,229
267,Moondragon,1009451,229
268,Nebula,1010365,229
269,Nova,1009477,229
270,Peter Quill,1010734,229
271,Praxagora,1011151,229
272,Preak,1011152,229
273,Quasar (Wendell Vaughn),1010778,229
274,Ravenous,1011154,229
275,Red Shift,1011155,229
276,Ronan,1010344,229
277,Salo,1011156,229
278,Silver Surfer,1009592,229
279,Skreet,1011157,229
280,Stardust,1010764,229
281,Super-Skrull,1009639,229
282,Talos,1011161,229
283,Tana Nile,1011149,229
284,Tenebrous,1011162,229
285,Terrax,1009651,229
286,Thanos,1009652,229
287,Adam Warlock,1010354,293
288,Blastaar,1009195,293
289,Captain Universe,1011027,293
290,Deathcry,1011037,293
291,Gamora,1010763,293
292,Groot,1010743,293
293,Guardians of the Galaxy,1011299,293
294,High Evolutionary,1011300,293
295,Mantis,1011026,293
296,Moondragon,1009451,293
297,Nova,1009477,293
298,Quasar (Phyla-Vell),1009523,293
299,Rocket Raccoon,1010744,293
300,Ronan,1010344,293
301,Star-Lord (Peter Quill),1010733,293
302,Super-Skrull,1009639,293
303,Ultron,1009685,293
304,Wraith,1010737,293
305,Beetle (Abner Jenkins),1009179,231
306,Captain America,1009220,231
307,Crimson Dynamo,1009251,231
308,Electro,1009287,231
309,Hawkeye,1009338,231
310,Iron Man,1009368,231
311,Serpent Society,1009572,231
312,Stingray (Walter Newell),1009628,231
313,Titanium Man (Topolov),1009672,231
314,Wonder Man,1009719,231
315,Adam Warlock,1010354,233
316,Archangel,1009159,233
317,Avengers,1009165,233
318,Beast,1009175,233
319,Boom Boom,1010366,233
320,Cannonball,1009219,233
321,Celestials,1010813,233
322,Colossus,1009243,233
323,Cyclops,1009257,233
324,Dazzler,1009267,233
325,Doctor Doom,1009281,233
326,Eternals,1010807,233
327,Fantastic Four,1009299,233
328,Firebird,1010868,233
329,Gateway,1009315,233
330,Havok,1009337,233
331,Human Torch,1009356,233
332,Iceman,1009362,233
333,Invisible Woman,1009366,233
334,Iron Man,1009368,233
335,J. Jonah Jameson,1009372,233
336,Jean Grey,1009327,233
337,Jubilee,1009381,233
338,Leech,1011092,233
339,Loki,1009407,233
340,Longshot,1009408,233
341,Magneto,1009417,233
342,Namor,1009466,233
343,Namorita,1009469,233
344,New Mutants,1011336,233
345,Polaris,1009499,233
346,Power Pack,1010770,233
347,Psylocke,1009512,233
348,Punisher,1009515,233
349,Quasar (Phyla-Vell),1009523,233
350,Rictor,1009542,233
351,Rogue,1009546,233
352,She-Hulk (Jennifer Walters),1009583,233
353,Spider-Man,1009610,233
354,Storm,1009629,233
355,Sub-Mariner,1010791,233
356,Sunspot,1009638,233
357,Thing,1009662,233
358,Thor,1009664,233
359,Wolfsbane,1009717,233
360,Wolverine,1009718,233
361,X-Factor,1010738,233
362,X-Men,1009726,233
363,Avengers,1009165,234
364,Captain America,1009220,234
365,Excalibur,1010771,234
366,Fantastic Four,1009299,234
367,Franklin Richards,1009539,234
368,Galactus,1009312,234
369,Hawkeye,1009338,234
370,Human Torch,1009356,234
371,Hydra,1009359,234
372,Invisible Woman,1009366,234
373,Iron Man,1009368,234
374,Mr. Fantastic,1009459,234
375,Scarlet Witch,1009562,234
376,Spider-Man,1009610,234
377,Thing,1009662,234
378,Thor,1009664,234
379,Valeria Richards,1009525,234
380,Wasp,1009707,234
381,Avengers,1009165,310
382,Beast,1009175,310
383,Black Widow,1009189,310
384,Brood,1009208,310
385,Cable,1009214,310
386,Captain America,1009220,310
387,Captain Britain,1009223,310
388,Captain Marvel (Carol Danvers),1010338,310
389,Colossus,1009243,310
390,Cyclops,1009257,310
391,Doctor Strange,1009282,310
392,Emma Frost,1009310,310
393,Gambit,1009313,310
394,Genesis,1009317,310
395,Giant Man,1009320,310
396,Hawkeye,1009338,310
397,Hercules,1009343,310
398,Hope Summers,1011428,310
399,Iceman,1009362,310
400,Iron Fist (Danny Rand),1009367,310
401,Iron Man,1009368,310
402,Iron Patriot (James Rhodes),1009538,310
403,Jean Grey,1009327,310
404,Jocasta,1009376,310
405,Juggernaut,1009382,310
406,Kitty Pryde,1009508,310
407,Lightspeed,1010450,310
408,Luke Cage,1009215,310
409,Magik (Illyana Rasputin),1009415,310
410,Magneto,1009417,310
411,Namor,1009466,310
412,Quentin Quire,1009387,310
413,Quicksilver,1009524,310
414,Rachel Grey,1009430,310
415,Red Hulk,1011360,310
416,Reptil,1011376,310
417,Scarlet Witch,1009562,310
418,Sebastian Shaw,1009581,310
419,Spider-Man,1009610,310
420,Spider-Woman (Jessica Drew),1009608,310
421,Storm,1009629,310
422,Sub-Mariner,1010791,310
423,Thing,1009662,310
424,Thor,1009664,310
425,Tigra (Greer Nelson),1009670,310
426,Vision,1009697,310
427,Warbird,1009703,310
428,White Tiger (Angela Del Toro),1010853,310
429,Wolverine,1009718,310
430,X-23,1009722,310
431,X-Men,1009726,310
432,Arnim Zola,1009740,320
433,Beast,1009175,320
434,Captain America,1009220,320
435,Carnage,1009227,320
436,Deadpool,1009268,320
437,Doctor Doom,1009281,320
438,Enchantress (Amora),1010671,320
439,Falcon,1009297,320
440,Firestar,1009306,320
441,Jack O' Lantern,1010766,320
442,Loki,1009407,320
443,Magneto,1009417,320
444,Mystique,1009465,320
445,Nightcrawler,1009472,320
446,Quicksilver,1009524,320
447,Red Skull,1009535,320
448,Rogue,1009546,320
449,Scarlet Witch,1009562,320
450,X-Men,1009726,320
451,Adam Warlock,1010354,235
452,Doctor Strange,1009282,235
453,Drax,1010735,235
454,Eternity,1011061,235
455,Gamora,1010763,235
456,Moondragon,1009451,235
457,Odin,1009480,235
458,Pip,1010762,235
459,Sif,1009588,235
460,Silver Surfer,1009592,235
461,Thanos,1009652,235
462,Thor,1009664,235
463,Valkyrie (Samantha Parrington),1010350,235
464,Abomination (Emil Blonsky),1009146,296
465,Alpha Flight,1010370,296
466,Ares,1010784,296
467,Aurora,1009163,296
468,Avengers,1009165,296
469,Banshee,1009168,296
470,Beast,1009175,296
471,Black Widow,1009189,296
472,Captain America,1009220,296
473,Captain Marvel (Mar-Vell),1009224,296
474,Daimon Hellstrom,1010719,296
475,Deathbird,1009270,296
476,Deathcry,1011037,296
477,Doctor Strange,1009282,296
478,Fantastic Four,1009299,296
479,Grim Reaper,1009328,296
480,Guardian,1009330,296
481,Hawkeye,1009338,296
482,Hercules,1009343,296
483,Hulk,1009351,296
484,Human Torch,1009356,296
485,Invisible Woman,1009366,296
486,Iron Man,1009368,296
487,Korg,1011080,296
488,Luke Cage,1009215,296
489,Moira MacTaggert,1009410,296
490,Mr. Fantastic,1009459,296
491,Multiple Man,1011056,296
492,Northstar,1009476,296
493,Red She-Hulk,1011436,296
494,Rick Jones,1009379,296
495,Sasquatch (Walter Langkowski),1009560,296
496,Sentry (Robert Reynolds),1009571,296
497,She-Hulk (Jennifer Walters),1009583,296
498,Silver Surfer,1009592,296
499,Skaar,1011223,296
500,Snowbird,1009606,296
501,Spider-Man,1009610,296
502,Stepford Cuckoos,1009625,296
503,Swordsman,1009641,296
504,Swordsman (Jaques Duquesne),1010982,296
505,Thing,1009662,296
506,Thor,1009664,296
507,Thunderbird (John Proudstar),1009666,296
508,Venom (Mac Gargan),1010788,296
509,Venus (Siren),1011106,296
510,Vindicator,1009695,296
511,Vision,1009697,296
512,Winter Soldier,1010740,296
513,Wolverine,1009718,296
514,X-Men,1009726,296
515,Yellowjacket (Rita DeMara),1010996,296
516,Absorbing Man,1009148,238
517,Arnim Zola,1009740,238
518,Avengers,1009165,238
519,Beast,1009175,238
520,Bishop,1009182,238
521,Black Bolt,1009184,238
522,Black Cat,1009185,238
523,Black Panther,1009187,238
524,Blade,1009191,238
525,Blizzard,1009198,238
526,Boomerang,1010371,238
527,Bullseye,1009212,238
528,Cable,1009214,238
529,Cable (Deadpool),1017317,238
530,Captain America,1009220,238
531,Captain Marvel (Carol Danvers),1010338,238
532,Chameleon,1009234,238
533,Chase Stein,1010754,238
534,Cloak,1009241,238
535,Colleen Wing,1010676,238
536,Colossus,1009243,238
537,Cyclops,1009257,238
538,Daredevil,1009262,238
539,Deadpool,1009268,238
540,Doctor Strange,1009282,238
541,Domino,1009277,238
542,Dragon Man,1009283,238
543,Falcon,1009297,238
544,Fantastic Four,1009299,238
545,Gertrude Yorkes,1010749,238
546,Ghost Rider (Johnny Blaze),1009318,238
547,Goliath (Bill Foster),1010927,238
548,GW Bridge,1009207,238
549,Hank Pym,1011490,238
550,Hawkeye (Kate Bishop),1010808,238
551,Heroes For Hire,1010759,238
552,Hulkling,1009355,238
553,Human Torch,1009356,238
554,Inhumans,1009365,238
555,Invisible Woman,1009366,238
556,Iron Man,1009368,238
557,J. Jonah Jameson,1009372,238
558,Jack O' Lantern,1010766,238
559,Joystick,1011033,238
560,Kate Bishop,1010810,238
561,Kingpin,1009389,238
562,Luke Cage,1009215,238
563,Magneto,1009417,238
564,Maria Hill,1011335,238
565,Mary Jane Watson,1009708,238
566,Medusa,1009438,238
567,Molly Hayes,1010691,238
568,Molten Man,1011370,238
569,Moon Knight,1009452,238
570,Mr. Fantastic,1009459,238
571,Namor,1009466,238
572,New Warriors,1010683,238
573,Nico Minoru,1010746,238
574,Nitro,1010797,238
575,Owl,1011028,238
576,Patriot,1009492,238
577,Professor X,1009504,238
578,Prowler,1009507,238
579,Puma,1009514,238
580,Punisher,1009515,238
581,Radioactive Man,1009526,238
582,Red Skull,1009535,238
583,Rhino,1009537,238
584,Rogue,1009546,238
585,Runaways,1010747,238
586,S.H.I.E.L.D.,1009552,238
587,Sentry (Robert Reynolds),1009571,238
588,Shatterstar,1009580,238
589,She-Hulk (Jennifer Walters),1009583,238
590,Shocker (Herman Schultz),1009585,238
591,Silvermane,1009594,238
592,Sister Grimm,1010745,238
593,Speed,1010833,238
594,Speedball (Robert Baldwin),1010694,238
595,Spider-Man,1009610,238
596,Spider-Woman (Jessica Drew),1009608,238
597,Stature,1010828,238
598,Storm,1009629,238
599,Sub-Mariner,1010791,238
600,Swordsman,1009641,238
601,Talkback (Chase Stein),1010753,238
602,Thing,1009662,238
603,Thor,1009664,238
604,Thunderbolts,1010360,238
605,Tigra (Greer Nelson),1009670,238
606,Tony Stark,1009624,238
607,Venom (Mac Gargan),1010788,238
608,Vision,1009697,238
609,Warbird,1009703,238
610,Wasp,1009707,238
611,Wiccan,1009714,238
612,Winter Soldier,1010740,238
613,Wolverine,1009718,238
614,X-Men,1009726,238
615,Young Avengers,1010698,238
616,Zemo,1010780,238
617,Avengers,1009165,239
618,Deathcry,1011037,239
619,Force Works,1009307,239
620,Hawkeye,1009338,239
621,Iron Man,1009368,239
622,Kang,1009384,239
623,Magdalene,1010867,239
624,Mantis,1011026,239
625,Masque,1010367,239
626,Titanium Man (Topolov),1009672,239
627,Wasp,1009707,239
628,Agents of Atlas,1011198,318
629,Amadeus Cho,1011227,318
630,Angel (Warren Worthington III),1009153,318
631,Ant-Man (Eric O'Grady),1010802,318
632,Ares,1010784,318
633,Avalanche,1009164,318
634,Avengers,1009165,318
635,Baron Strucker,1009169,318
636,Beast,1009175,318
637,Bengal,1010829,318
638,Black Panther,1009187,318
639,Bullseye,1009212,318
640,Captain Marvel (Carol Danvers),1010338,318
641,Charles Xavier,1009733,318
642,Clint Barton,1010809,318
643,Cloak,1009241,318
644,Colossus,1009243,318
645,Constrictor,1009245,318
646,Cyclops,1009257,318
647,Dagger,1009258,318
648,Daimon Hellstrom,1010719,318
649,Daken,1011001,318
650,Daredevil,1009262,318
651,Dark Avengers,1011367,318
652,Dark Beast,1010907,318
653,Dark X-Men,1011387,318
654,Deadpool,1009268,318
655,Diamondback (Rachel Leighton),1009274,318
656,Doctor Doom,1009281,318
657,Doctor Strange,1009282,318
658,Domino,1009277,318
659,Dormammu,1009280,318
660,Dum Dum Dugan,1009284,318
661,Edwin Jarvis,1011072,318
662,Elektra,1009288,318
663,Emma Frost,1009310,318
664,Fantastic Four,1009299,318
665,Fantomex,1009301,318
666,Frank Castle,1009229,318
667,Galactus,1009312,318
668,Gambit,1009313,318
669,Gauntlet (Joseph Green),1009316,318
670,Gorgon,1009324,318
671,Gorilla Man,1010731,318
672,Gravity,1010702,318
673,H.A.M.M.E.R.,1011400,318
674,Hank Pym,1011490,318
675,Hardball,1010821,318
676,Harry Osborn,1009486,318
677,Hawkeye,1009338,318
678,Hawkeye (Kate Bishop),1010808,318
679,Hercules,1009343,318
680,Hulk,1009351,318
681,Hulkling,1009355,318
682,Human Robot,1010722,318
683,Human Torch,1009356,318
684,Hydra,1009359,318
685,Iceman,1009362,318
686,Invisible Woman,1009366,318
687,Iron Man,1009368,318
688,Iron Patriot,1009487,318
689,J. Jonah Jameson,1009372,318
690,Jessica Jones,1009378,318
691,Jimmy Woo,1011105,318
692,Jocasta,1009376,318
693,Justice,1010760,318
694,Klaw,1009390,318
695,Komodo (Melati Kusuma),1010818,318
696,Lethal Legion,1011421,318
697,Lily Hollister,1011257,318
698,Loki,1009407,318
699,Luke Cage,1009215,318
700,Madame Masque,1010352,318
701,Maria Hill,1011335,318
702,Marvel Boy,1009427,318
703,May Parker,1009490,318
704,Menace,1011241,318
705,Mimic,1009445,318
706,Mockingbird,1011220,318
707,Moonstone,1010362,318
708,Mr. Fantastic,1009459,318
709,Mr. Negative,1011244,318
710,Mystique,1009465,318
711,Namor,1009466,318
712,Namora,1009468,318
713,Nick Fury,1009471,318
714,Nightcrawler,1009472,318
715,Norman Osborn,1009325,318
716,Omega Red,1009482,318
717,Patriot,1009492,318
718,Pepper Potts,1009494,318
719,Pixie,1011179,318
720,Prodigy,1011030,318
721,Professor X,1009504,318
722,Psylocke,1009512,318
723,Punisher,1009515,318
724,Quake (Daisy Johnson),1014528,318
725,Quicksilver,1009524,318
726,Rage,1010817,318
727,Rogue,1009546,318
728,Romulus,1011398,318
729,Scarlet Witch,1009562,318
730,Sebastian Shaw,1009581,318
731,Secret Warriors,1011368,318
732,Sentry (Robert Reynolds),1009571,318
733,She-Hulk (Jennifer Walters),1009583,318
734,She-Hulk (Lyra),1011392,318
735,Skrulls,1009599,318
736,Slapstick,1011057,318
737,Speed,1010833,318
738,Spider-Man,1009610,318
739,Spider-Woman (Jessica Drew),1009608,318
740,Spot,1009616,318
741,Stature,1010828,318
742,Stepford Cuckoos,1009625,318
743,Storm,1009629,318
744,Sub-Mariner,1010791,318
745,Sue Storm,1009631,318
746,Sunspot,1009638,318
747,Taskmaster,1009648,318
748,The Hand,1010359,318
749,The Hood,1010715,318
750,Thor,1009664,318
751,Thor Girl,1010820,318
752,Thunderbolts,1010360,318
753,Thundra,1011304,318
754,Tigra (Greer Nelson),1009670,318
755,Tinkerer,1011345,318
756,Trauma,1010822,318
757,Typhoid Mary,1010369,318
758,U.S. Agent,1009682,318
759,Venom (Mac Gargan),1010788,318
760,Venus (Siren),1011106,318
761,Viper,1009696,318
762,Vision,1009697,318
763,War Machine (Ultimate),1011226,318
764,Wasp,1009707,318
765,Weapon Omega,1011133,318
766,Whirlwind,1010348,318
767,Wiccan,1009714,318
768,Winter Soldier,1010740,318
769,Wolverine,1009718,318
770,X-Men,1009726,318
771,Young Avengers,1010698,318
772,Adam Warlock,1010354,240
773,Archangel,1009159,240
774,Banshee,1009168,240
775,Beast,1009175,240
776,Boom Boom,1010366,240
777,Cable,1009214,240
778,Cannonball,1009219,240
779,Captain Marvel (Carol Danvers),1010338,240
780,Colossus,1009243,240
781,Cyclops,1009257,240
782,Fantastic Four,1009299,240
783,Forge,1009309,240
784,Franklin Richards,1009539,240
785,Havok,1009337,240
786,Human Torch,1009356,240
787,Iceman,1009362,240
788,Invisible Woman,1009366,240
789,Jean Grey,1009327,240
790,Jubilee,1009381,240
791,Longshot,1009408,240
792,Mr. Fantastic,1009459,240
793,New Mutants,1011336,240
794,Psylocke,1009512,240
795,Sentinels,1011323,240
796,Spider-Man,1009610,240
797,Storm,1009629,240
798,Sunspot,1009638,240
799,Thing,1009662,240
800,Wolverine,1009718,240
801,X-Factor,1010738,240
802,X-Men,1009726,240
803,Doctor Octopus,1009276,332
804,Gwen Stacy,1009619,332
805,J. Jonah Jameson,1009372,332
806,Jackal,1011288,332
807,Lizard,1009404,332
808,Prowler,1009507,332
809,Scarlet Spider (Kaine),1011426,332
810,Spider-Gwen (Spider-Gwen),1017603,332
811,Spider-Man,1009610,332
812,Spider-Woman (Mattie Franklin),1010794,332
813,Beast,1009175,245
814,Cyclops,1009257,245
815,Elektra,1009288,245
816,Emma Frost,1009310,245
817,Gorgon,1009324,245
818,Iron Man,1009368,245
819,Kitty Pryde,1009508,245
820,Nick Fury,1009471,245
821,Rachel Grey,1009430,245
822,Spider-Man,1009610,245
823,Storm,1009629,245
824,Swordsman,1009641,245
825,Thunderbolts,1010360,245
826,Wolverine,1009718,245
827,X-Men,1009726,245
828,Apocalypse,1009156,246
829,Archangel,1009159,246
830,Avalanche,1009164,246
831,Avengers,1009165,246
832,Beast,1009175,246
833,Blob,1009199,246
834,Boom Boom,1010366,246
835,Caliban,1009216,246
836,Colossus,1009243,246
837,Crystal,1009255,246
838,Cyclops,1009257,246
839,Dark Phoenix,1009265,246
840,Dazzler,1009267,246
841,Fantastic Four,1009299,246
842,Firebird,1010868,246
843,Forge,1009309,246
844,Franklin Richards,1009539,246
845,Gateway,1009315,246
846,Havok,1009337,246
847,Hawkeye,1009338,246
848,High Evolutionary,1011300,246
849,Iceman,1009362,246
850,Jean Grey,1009327,246
851,Leech,1011092,246
852,Longshot,1009408,246
853,Madelyne Pryor,1009509,246
854,Mantis,1011026,246
855,Mockingbird,1011220,246
856,Mojo,1009448,246
857,Moon Knight,1009452,246
858,New Mutants,1011336,246
859,Nightcrawler,1009472,246
860,Penance (Robert Baldwin),1009493,246
861,Professor X,1009504,246
862,Psylocke,1009512,246
863,Purifiers,1011207,246
864,Pyro,1009522,246
865,Rictor,1009542,246
866,Rogue,1009546,246
867,Spider-Man,1009610,246
868,Spiral (Rita Wayword),1009614,246
869,Storm,1009629,246
870,Thor,1009664,246
871,Tigra (Greer Nelson),1009670,246
872,Wolverine,1009718,246
873,Wonder Man,1009719,246
874,X-Factor,1010738,246
875,X-Men,1009726,246
876,Zaladane,1009738,246
877,Bruce Banner,1009167,297
878,Hulk,1009351,297
879,Leader,1009398,297
880,M.O.D.O.K.,1010726,297
881,Red Hulk,1011360,297
882,Red She-Hulk,1011436,297
883,She-Hulk (Jennifer Walters),1009583,297
884,She-Hulk (Lyra),1011392,297
885,Skaar,1011223,297
886,Thundra,1011304,297
887,Apocalypse,1009156,248
888,Archangel,1009159,248
889,Avalanche,1009164,248
890,Beast,1009175,248
891,Betty Ross,1009548,248
892,Black Panther,1009187,248
893,Black Widow,1009189,248
894,Blob,1009199,248
895,Bruce Banner,1009167,248
896,Caliban,1009216,248
897,Captain America,1009220,248
898,Captain Marvel (Carol Danvers),1010338,248
899,Colossus,1009243,248
900,Crystal,1009255,248
901,Cyclops,1009257,248
902,Daredevil,1009262,248
903,Dazzler,1009267,248
904,Destiny,1009271,248
905,Doctor Doom,1009281,248
906,Famine,1009298,248
907,Fantastic Four,1009299,248
908,Havok,1009337,248
909,Hulk,1009351,248
910,Human Torch,1009356,248
911,Iceman,1009362,248
912,Leader,1009398,248
913,Longshot,1009408,248
914,New Mutants,1011336,248
915,Nightcrawler,1009472,248
916,Pestilence,1009495,248
917,Psylocke,1009512,248
918,Pyro,1009522,248
919,Rachel Grey,1009430,248
920,Rick Jones,1009379,248
921,Rogue,1009546,248
922,Spiral (Rita Wayword),1009614,248
923,Storm,1009629,248
924,Thing,1009662,248
925,War (Abraham Kieros),1009701,248
926,Wolfsbane,1009717,248
927,Wolverine,1009718,248
928,X-Men,1009726,248
929,Archangel,1009159,249
930,Banshee,1009168,249
931,Banshee (Theresa Rourke),1009596,249
932,Beast,1009175,249
933,Bishop,1009182,249
934,Boomer,1009205,249
935,Cable,1009214,249
936,Cannonball,1009219,249
937,Captain Britain,1009223,249
938,Carmella Unuscione,1009688,249
939,Charles Xavier,1009733,249
940,Colossus,1009243,249
941,Cyclops,1009257,249
942,Excalibur,1010771,249
943,Exodus,1009295,249
944,Forge,1009309,249
945,Gambit,1009313,249
946,Havok,1009337,249
947,Iceman,1009362,249
948,Iron Man,1009368,249
949,Jean Grey,1009327,249
950,Jubilee,1009381,249
951,Kitty Pryde,1009508,249
952,Lilandra,1009402,249
953,Lockheed,1009405,249
954,Magneto,1009417,249
955,Mr. Fantastic,1009459,249
956,Nick Fury,1009471,249
957,Nightcrawler,1009472,249
958,Polaris,1009499,249
959,Professor X,1009504,249
960,Psylocke,1009512,249
961,Quicksilver,1009524,249
962,Rictor,1009542,249
963,Rogue,1009546,249
964,Shatterstar,1009580,249
965,Storm,1009629,249
966,Sunfire,1009636,249
967,Sunspot,1009638,249
968,Thing,1009662,249
969,Warpath,1009705,249
970,Wolverine,1009718,249
971,X-Factor,1010738,249
972,X-Force,1009724,249
973,X-Men,1009726,249
974,Absorbing Man,1009148,302
975,Alpha Flight,1010370,302
976,Amadeus Cho,1011227,302
977,Angel (Warren Worthington III),1009153,302
978,Ant-Man (Eric O'Grady),1010802,302
979,Ant-Man (Scott Lang),1010801,302
980,Archangel,1009159,302
981,Aurora,1009163,302
982,Avengers,1009165,302
983,Beast,1009175,302
984,Black Panther,1009187,302
985,Black Widow,1009189,302
986,Blue Marvel,1011339,302
987,Bride of Nine Spiders (Immortal Weapons),1011236,302
988,Bruce Banner,1009167,302
989,Captain America,1009220,302
990,Captain Marvel (Carol Danvers),1010338,302
991,Cardiac,1011052,302
992,Cecilia Reyes,1009536,302
993,Cloud 9,1010823,302
994,Colossus,1009243,302
995,Crossbones,1009252,302
996,Cyclops,1009257,302
997,Cypher,1011385,302
998,Dani Moonstar,1009453,302
999,Daredevil,1009262,302
1000,Dazzler,1009267,302
1001,Deadpool,1009268,302
1002,Defenders,1011023,302
1003,Doctor Octopus,1009276,302
1004,Doctor Strange,1009282,302
1005,Dog Brother #1,1011235,302
1006,Dracula,1010677,302
1007,Edwin Jarvis,1011072,302
1008,Elektra,1009288,302
1009,Emma Frost,1009310,302
1010,Exiles,1009294,302
1011,Falcon,1009297,302
1012,Fantastic Four,1009299,302
1013,Fantomex,1009301,302
1014,Fat Cobra,1011233,302
1015,Firestar,1009306,302
1016,Foggy Nelson,1009470,302
1017,Frankenstein's Monster,1011356,302
1018,Galactus,1009312,302
1019,Gambit,1009313,302
1020,Gargoyle,1010832,302
1021,Ghost Rider (Daniel Ketch),1010925,302
1022,Ghost Rider (Johnny Blaze),1009318,302
1023,Giant Man,1009320,302
1024,Gravity,1010702,302
1025,Grey Gargoyle,1011420,302
1026,Hank Pym,1011490,302
1027,Hardball,1010821,302
1028,Hawkeye,1009338,302
1029,Hercules,1009343,302
1030,Heroes For Hire,1010759,302
1031,Hope Summers,1011428,302
1032,Howard The Duck,1010373,302
1033,Hulk,1009351,302
1034,Iceman,1009362,302
1035,Iron Fist (Danny Rand),1009367,302
1036,Iron Man,1009368,302
1037,Iron Patriot (James Rhodes),1009538,302
1038,J. Jonah Jameson,1009372,302
1039,Jessica Jones,1009378,302
1040,Jimmy Woo,1011105,302
1041,Jocasta,1009376,302
1042,Juggernaut,1009382,302
1043,Justice,1010760,302
1044,Karma,1011386,302
1045,Kitty Pryde,1009508,302
1046,Loa,1011414,302
1047,Loki,1009407,302
1048,Luke Cage,1009215,302
1049,Mach IV,1010851,302
1050,Magik (Amanda Sefton),1010942,302
1051,Magik (Illyana Rasputin),1009415,302
1052,Magma (Amara Aquilla),1009416,302
1053,Magneto,1009417,302
1054,Man-Thing,1009420,302
1055,Maria Hill,1011335,302
1056,Mephisto,1009440,302
1057,Mercury,1010681,302
1058,Misty Knight,1010682,302
1059,Mockingbird,1011220,302
1060,Moonstone,1010362,302
1061,Namor,1009466,302
1062,Natasha Romanoff,1009547,302
1063,New Mutants,1011336,302
1064,Nick Fury,1009471,302
1065,Nighthawk,1010349,302
1066,Northstar,1009476,302
1067,Odin,1009480,302
1068,Paladin,1010873,302
1069,Penance (Robert Baldwin),1009493,302
1070,Pepper Potts,1009494,302
1071,Pixie,1011179,302
1072,Prince of Orphans,1011234,302
1073,Prodigy,1011030,302
1074,Psylocke,1009512,302
1075,Puck,1009513,302
1076,Purifiers,1011207,302
1077,Purple Man,1009520,302
1078,Quicksilver,1009524,302
1079,Red Hulk,1011360,302
1080,Red She-Hulk,1011436,302
1081,Red Skull,1009535,302
1082,Reptil,1011376,302
1083,Rockslide,1010692,302
1084,Rogue,1009546,302
1085,Sasquatch (Walter Langkowski),1009560,302
1086,Serpent Society,1009572,302
1087,Sersi,1010345,302
1088,Shaman,1009576,302
1089,Shang-Chi,1009577,302
1090,Sharon Carter,1009228,302
1091,She-Hulk (Jennifer Walters),1009583,302
1092,She-Hulk (Lyra),1011392,302
1093,Silver Surfer,1009592,302
1094,Sin,1010898,302
1095,Sinister Six,1011265,302
1096,Snowbird,1009606,302
1097,Songbird,1010693,302
1098,Speedball (Robert Baldwin),1010694,302
1099,Spider-Girl (May Parker),1009609,302
1100,Spider-Man,1009610,302
1101,Spider-Woman (Jessica Drew),1009608,302
1102,Squirrel Girl,1010860,302
1103,Sub-Mariner,1010791,302
1104,Sunspot,1009638,302
1105,Taskmaster,1009648,302
1106,Thing,1009662,302
1107,Thor,1009664,302
1108,Thor Girl,1010820,302
1109,Thunderbolts,1010360,302
1110,Tiger's Beautiful Daughter,1011237,302
1111,Tigra (Greer Nelson),1009670,302
1112,Titania,1010669,302
1113,Unicorn,1010862,302
1114,Vermin (Edward Whelan),1010353,302
1115,Vindicator,1009695,302
1116,Vision,1009697,302
1117,Warlock (Technarchy),1011287,302
1118,Wasp,1009707,302
1119,Winter Soldier,1010740,302
1120,Wolverine,1009718,302
1121,X-23,1009722,302
1122,X-Force,1009724,302
1123,X-Man,1009725,302
1124,X-Men,1009726,302
1125,Doctor Doom,1009281,287
1126,Fantastic Four,1009299,287
1127,Franklin Richards,1009539,287
1128,Invisible Woman,1009366,287
1129,Mr. Fantastic,1009459,287
1130,Secret Warriors,1011368,287
1131,Thing,1009662,287
1132,Valeria Richards,1009525,287
1133,Avengers,1009165,251
1134,Banshee,1009168,251
1135,Baron Zemo (Heinrich Zemo),1009170,251
1136,Bishop,1009182,251
1137,Black Panther,1009187,251
1138,Black Tom,1009188,251
1139,Blob,1009199,251
1140,Cable (Deadpool),1017317,251
1141,Caliban,1009216,251
1142,Callisto,1009217,251
1143,Captain America,1009220,251
1144,Captain America (House of M),1010914,251
1145,Captain Britain,1009223,251
1146,Dani Moonstar,1009453,251
1147,Deadpool,1009268,251
1148,Doctor Doom,1009281,251
1149,Excalibur,1010771,251
1150,Exiles,1009294,251
1151,Fantastic Four,1009299,251
1152,Forge,1009309,251
1153,Hawkeye,1009338,251
1154,Hellion,1010678,251
1155,Hulk,1009351,251
1156,Human Torch,1009356,251
1157,Invisible Woman,1009366,251
1158,Iron Man,1009368,251
1159,J. Jonah Jameson,1009372,251
1160,Jamie Braddock,1011343,251
1161,Johnny Storm,1009630,251
1162,Juggernaut,1009382,251
1163,Kitty Pryde,1009508,251
1164,Magik (Amanda Sefton),1010942,251
1165,Magneto,1009417,251
1166,Magneto (House of M),1010945,251
1167,Meggan,1011399,251
1168,Mister Sinister,1009447,251
1169,Mr. Fantastic,1009459,251
1170,Mystique,1009465,251
1171,Mystique (House of M),1010954,251
1172,New X-Men,1011271,251
1173,Nocturne,1009474,251
1174,Norman Osborn,1009325,251
1175,Polaris,1009499,251
1176,Psylocke,1009512,251
1177,Quicksilver,1009524,251
1178,Rachel Grey,1009430,251
1179,Rogue,1009546,251
1180,Sabretooth (House of M),1010970,251
1181,Scarlet Witch,1009562,251
1182,Sentinel,1009570,251
1183,Sentinels,1011323,251
1184,Spider-Man,1009610,251
1185,Storm,1009629,251
1186,Sub-Mariner,1010791,251
1187,Thing,1009662,251
1188,Thunderbolts,1010360,251
1189,Tony Stark,1009624,251
1190,Toro (Thomas Raymond),1011309,251
1191,Wolverine,1009718,251
1192,X-Men,1009726,251
1193,Alicia Masters,1009435,252
1194,Archangel,1009159,252
1195,Arclight,1009160,252
1196,Avengers,1009165,252
1197,Beast,1009175,252
1198,Blockbuster,1009200,252
1199,Captain America,1009220,252
1200,Cloak,1009241,252
1201,Colossus,1009243,252
1202,Curt Conners,1009244,252
1203,Cyclops,1009257,252
1204,Dagger,1009258,252
1205,Daredevil,1009262,252
1206,Dazzler,1009267,252
1207,Dragon Man,1009283,252
1208,Edwin Jarvis,1011072,252
1209,Excalibur,1010771,252
1210,Fantastic Four,1009299,252
1211,Forgotten One,1011177,252
1212,Goblin Queen,1009322,252
1213,Green Goblin (Harry Osborn),1010928,252
1214,Harpoon,1009336,252
1215,Harry Osborn,1009486,252
1216,Havok,1009337,252
1217,Hobgoblin (Jason Macendale),1010930,252
1218,Human Torch,1009356,252
1219,Iceman,1009362,252
1220,Invisible Woman,1009366,252
1221,J. Jonah Jameson,1009372,252
1222,Juggernaut,1009382,252
1223,Kang,1009384,252
1224,Liz Osborn,1009403,252
1225,Lizard,1009404,252
1226,Longshot,1009408,252
1227,Madelyne Pryor,1009509,252
1228,Mantis,1011026,252
1229,Marauders,1009424,252
1230,Mary Jane Watson,1009708,252
1231,May Parker,1009490,252
1232,Mister Sinister,1009447,252
1233,Mysterio,1009464,252
1234,New Mutants,1011336,252
1235,Orphan-Maker,1010957,252
1236,Peter Parker,1009491,252
1237,Power Pack,1010770,252
1238,Prism,1009503,252
1239,Professor X,1009504,252
1240,Psylocke,1009512,252
1241,Riptide,1009543,252
1242,Rogue,1009546,252
1243,Sabretooth,1009554,252
1244,Scalphunter,1011048,252
1245,Scrambler,1011230,252
1246,Silver Surfer,1009592,252
1247,Spider-Man,1009610,252
1248,Storm,1009629,252
1249,Thing,1009662,252
1250,Thor,1009664,252
1251,Uatu The Watcher,1009683,252
1252,Vertigo (Savage Land Mutate),1009694,252
1253,Wolverine,1009718,252
1254,X-Factor,1010738,252
1255,X-Men,1009726,252
1256,Avengers,1009165,315
1257,Beast,1009175,315
1258,Black Bolt,1009184,315
1259,Black Panther,1009187,315
1260,Black Widow,1009189,315
1261,Blue Marvel,1011339,315
1262,Captain America,1009220,315
1263,Captain Marvel (Carol Danvers),1010338,315
1264,Carol Danvers,1009261,315
1265,Dani Moonstar,1009453,315
1266,Doctor Strange,1009282,315
1267,Guardians of the Galaxy,1011299,315
1268,Hawkeye,1009338,315
1269,Hulk,1009351,315
1270,Illuminati,1010758,315
1271,Imperial Guard,1009363,315
1272,Inhumans,1009365,315
1273,Iron Man,1009368,315
1274,Iron Patriot (James Rhodes),1009538,315
1275,Jessica Jones,1009378,315
1276,Luke Cage,1009215,315
1277,Maria Hill,1011335,315
1278,Misty Knight,1010682,315
1279,Mr. Fantastic,1009459,315
1280,Namor,1009466,315
1281,Scarlet Witch,1009562,315
1282,Shang-Chi,1009577,315
1283,Skrulls,1009599,315
1284,Spider-Man,1009610,315
1285,Spider-Woman (Jessica Drew),1009608,315
1286,Thanos,1009652,315
1287,Thor,1009664,315
1288,Wasp,1009707,315
1289,White Tiger (Angela Del Toro),1010853,315
1290,Wolverine,1009718,315
1291,Wonder Man,1009719,315
1292,Adam Warlock,1010354,29
1293,Alpha Flight,1010370,29
1294,Ancient One,1009152,29
1295,Archangel,1009159,29
1296,Aurora,1009163,29
1297,Avengers,1009165,29
1298,Beast,1009175,29
1299,Black Knight (Sir Percy of Scandia),1009186,29
1300,Calypso,1009218,29
1301,Captain America,1009220,29
1302,Clea,1009239,29
1303,Colossus,1009243,29
1304,Cyclops,1009257,29
1305,Daredevil,1009262,29
1306,Death,1009269,29
1307,Diamondback (Rachel Leighton),1009274,29
1308,Doctor Strange,1009282,29
1309,Falcon,1009297,29
1310,Fantastic Four,1009299,29
1311,Galactus,1009312,29
1312,Guardian,1009330,29
1313,Havok,1009337,29
1314,Hercules,1009343,29
1315,Hulk,1009351,29
1316,Human Torch,1009356,29
1317,Invisible Woman,1009366,29
1318,Iron Fist (Danny Rand),1009367,29
1319,Iron Man,1009368,29
1320,Juggernaut,1009382,29
1321,Magus (Adam Warlock),1010904,29
1322,Namorita,1009469,29
1323,Nightcrawler,1009472,29
1324,Northstar,1009476,29
1325,Nova,1009477,29
1326,Polaris,1009499,29
1327,Professor X,1009504,29
1328,Psylocke,1009512,29
1329,Puck,1009513,29
1330,Puppet Master,1009519,29
1331,Quasar (Phyla-Vell),1009523,29
1332,Rogue,1009546,29
1333,Sasquatch (Walter Langkowski),1009560,29
1334,Scarlet Witch,1009562,29
1335,Shaman,1009576,29
1336,She-Hulk (Jennifer Walters),1009583,29
1337,Silver Surfer,1009592,29
1338,Sleepwalker,1010761,29
1339,Storm,1009629,29
1340,Talisman (Elizabeth Twoyoungmen),1009646,29
1341,Thanos,1009652,29
1342,Thor,1009664,29
1343,Uatu The Watcher,1009683,29
1344,Vision,1009697,29
1345,Wasp,1009707,29
1346,Wolverine,1009718,29
1347,Wonder Man,1009719,29
1348,Wong,1009720,29
1349,X-Men,1009726,29
1350,Avengers,1009165,317
1351,Beast,1009175,317
1352,Black Bolt,1009184,317
1353,Black Panther,1009187,317
1354,Black Widow,1009189,317
1355,Blue Marvel,1011339,317
1356,Bruce Banner,1009167,317
1357,Captain America,1009220,317
1358,Crystal,1009255,317
1359,Cyclops,1009257,317
1360,Doctor Strange,1009282,317
1361,Emma Frost,1009310,317
1362,Hank Pym,1011490,317
1363,Hulk,1009351,317
1364,Inhumans,1009365,317
1365,Iron Man,1009368,317
1366,Jean Grey,1009327,317
1367,Jessica Jones,1009378,317
1368,Karnak,1009385,317
1369,Kitty Pryde,1009508,317
1370,Lockjaw,1009406,317
1371,Luke Cage,1009215,317
1372,Magik (Illyana Rasputin),1009415,317
1373,Maria Hill,1011335,317
1374,Maximus,1011305,317
1375,Medusa,1009438,317
1376,Mr. Fantastic,1009459,317
1377,Namor,1009466,317
1378,Spider-Girl (Anya Corazon),1009157,317
1379,Spider-Man,1009610,317
1380,Spider-Woman (Jessica Drew),1009608,317
1381,Stepford Cuckoos,1009625,317
1382,Thor,1009664,317
1383,Triton,1010335,317
1384,White Tiger (Angela Del Toro),1010853,317
1385,Wolverine,1009718,317
1386,X-Men,1009726,317
1387,Archangel,1009159,334
1388,Deadpool,1009268,334
1389,Domino,1009277,334
1390,Fantomex,1009301,334
1391,Forge,1009309,334
1392,Gorilla Man,1010731,334
1393,Inhumans,1009365,334
1394,Karnak,1009385,334
1395,M (Monet St. Croix),1011068,334
1396,Machine Man,1010805,334
1397,Magik (Illyana Rasputin),1009415,334
1398,Maximus,1011305,334
1399,Rachel Grey,1009430,334
1400,Sabretooth,1009554,334
1401,Sebastian Shaw,1009581,334
1402,Stepford Cuckoos,1009625,334
1403,Storm,1009629,334
1404,Triton,1010335,334
1405,X-Men,1009726,334
1406,Anthem,1011208,255
1407,Ares,1010784,255
1408,Avengers,1009165,255
1409,Beak,1009174,255
1410,Beast,1009175,255
1411,Ben Urich,1010782,255
1412,Black Cat,1009185,255
1413,Black Panther,1009187,255
1414,Black Widow,1009189,255
1415,Boomerang,1010371,255
1416,Brother Voodoo,1011090,255
1417,Bullseye,1009212,255
1418,Calamity,1011209,255
1419,Captain Marvel (Carol Danvers),1010338,255
1420,Cloud 9,1010823,255
1421,Doctor Strange,1009282,255
1422,Echo,1010785,255
1423,Edwin Jarvis,1011072,255
1424,Elektra,1009288,255
1425,Falcon,1009297,255
1426,Fantastic Four,1009299,255
1427,Galactus,1009312,255
1428,Gauntlet (Joseph Green),1009316,255
1429,Grey Gargoyle,1011420,255
1430,GW Bridge,1009207,255
1431,Hank Pym,1011490,255
1432,Hardball,1010821,255
1433,Henry Peter Gyrich,1011371,255
1434,Hulk,1009351,255
1435,Human Robot,1010722,255
1436,Human Torch,1009356,255
1437,Invisible Woman,1009366,255
1438,Iron Fist (Danny Rand),1009367,255
1439,Iron Man,1009368,255
1440,J. Jonah Jameson,1009372,255
1441,Jessica Jones,1009378,255
1442,Jubilee,1009381,255
1443,Justice,1010760,255
1444,Kat Farrell,1010783,255
1445,Komodo (Melati Kusuma),1010818,255
1446,Maria Hill,1011335,255
1447,Mole Man,1009449,255
1448,Moon Knight,1009452,255
1449,Mr. Fantastic,1009459,255
1450,Mulholland Black,1011210,255
1451,New Warriors,1010683,255
1452,Night Thrasher,1010684,255
1453,Norman Osborn,1009325,255
1454,Nova,1009477,255
1455,Omega Flight,1010757,255
1456,Penance (Robert Baldwin),1009493,255
1457,Rage,1010817,255
1458,Red Skull,1009535,255
1459,Rick Jones,1009379,255
1460,Sentry (Robert Reynolds),1009571,255
1461,Sharon Carter,1009228,255
1462,Shocker (Herman Schultz),1009585,255
1463,Silhouette,1010848,255
1464,Silver Surfer,1009592,255
1465,Sin,1010898,255
1466,Songbird,1010693,255
1467,Spider-Man,1009610,255
1468,Spider-Woman (Charlotte Witter),1010795,255
1469,Spider-Woman (Jessica Drew),1009608,255
1470,Stacy X,1009618,255
1471,Storm,1009629,255
1472,Sub-Mariner,1010791,255
1473,Supernaut,1011232,255
1474,Swordsman,1009641,255
1475,Tempest,1009650,255
1476,The Hand,1010359,255
1477,The Initiative,1010998,255
1478,The Order,1011018,255
1479,Thing,1009662,255
1480,Thunderbolts,1010360,255
1481,Tigra (Greer Nelson),1009670,255
1482,Trauma,1010822,255
1483,Ultron,1009685,255
1484,Veda,1011231,255
1485,Venom (Mac Gargan),1010788,255
1486,Wasp,1009707,255
1487,Wind Dancer,1011009,255
1488,Winter Soldier,1010740,255
1489,Wolverine,1009718,255
1490,Wonder Man,1009719,255
1491,X-Men,1009726,255
1492,Archangel,1009159,32
1493,Avalanche,1009164,32
1494,Banshee (Theresa Rourke),1009596,32
1495,Beast,1009175,32
1496,Boom Boom,1010366,32
1497,Cable,1009214,32
1498,Cannonball,1009219,32
1499,Captain Britain,1009223,32
1500,Colossus,1009243,32
1501,Cyclops,1009257,32
1502,Domino,1009277,32
1503,Feral,1011213,32
1504,Firestar,1009306,32
1505,Gideon,1011055,32
1506,Iceman,1009362,32
1507,Jean Grey,1009327,32
1508,Legion,1009399,32
1509,Marvel Boy,1009427,32
1510,Multiple Man,1011056,32
1511,Mystique,1009465,32
1512,Namorita,1009469,32
1513,New Mutants,1011336,32
1514,New Warriors,1010683,32
1515,Night Thrasher,1010684,32
1516,Nova,1009477,32
1517,Penance (Robert Baldwin),1009493,32
1518,Polaris,1009499,32
1519,Proteus,1009505,32
1520,Pyro,1009522,32
1521,Shadow King,1009573,32
1522,Shatterstar,1009580,32
1523,Silhouette,1010848,32
1524,Toad,1009673,32
1525,Warpath,1009705,32
1526,Wolverine,1009718,32
1527,X-Factor,1010738,32
1528,X-Men,1009726,32
1529,Kraven the Hunter,1009391,258
1530,Mary Jane Watson,1009708,258
1531,Spider-Man,1009610,258
1532,Vermin (Edward Whelan),1010353,258
1533,Black Bolt,1009184,311
1534,Black Panther,1009187,311
1535,Bruce Banner,1009167,311
1536,Captain America (Sam Wilson),1017575,311
1537,Captain Marvel (Carol Danvers),1010338,311
1538,Carol Danvers,1009261,311
1539,Crystal,1009255,311
1540,Daredevil,1009262,311
1541,Doctor Strange,1009282,311
1542,Doop,1009279,311
1543,Elektra,1009288,311
1544,Foggy Nelson,1009470,311
1545,Guardians of the Galaxy,1011299,311
1546,Hulk,1009351,311
1547,Inhumans,1009365,311
1548,Iron Fist (Danny Rand),1009367,311
1549,Karnak,1009385,311
1550,Lady Bullseye,1011327,311
1551,Lockjaw,1009406,311
1552,Magneto,1009417,311
1553,Matthew Murdock,1009463,311
1554,Maximus,1011305,311
1555,Medusa,1009438,311
1556,Namor,1009466,311
1557,Purple Man,1009520,311
1558,Rocket Raccoon,1010744,311
1559,Spider-Woman (Jessica Drew),1009608,311
1560,Spot,1009616,311
1561,Star-Lord (Peter Quill),1010733,311
1562,Thor,1009664,311
1563,Triton,1010335,311
1564,X-Statix,1010806,311
1565,Black Cat,1009185,151
1566,Captain America,1009220,151
1567,Carnage,1009227,151
1568,Cloak,1009241,151
1569,Deathlok,1010890,151
1570,Demogoblin,1011071,151
1571,Eddie Brock,1010787,151
1572,Firestar,1009306,151
1573,Iron Fist (Danny Rand),1009367,151
1574,Liz Osborn,1009403,151
1575,Mary Jane Watson,1009708,151
1576,May Parker,1009490,151
1577,Morbius,1009454,151
1578,Shriek,1009587,151
1579,Spider-Man,1009610,151
1580,Toxin (Eddie Brock),1009692,151
1581,Avengers,1009165,37
1582,Beast,1009175,37
1583,Beta-Ray Bill,1009180,37
1584,Bishop,1009182,37
1585,Black Panther,1009187,37
1586,Black Widow,1009189,37
1587,Cable,1009214,37
1588,Captain America,1009220,37
1589,Captain Marvel (Carol Danvers),1010338,37
1590,Captain Marvel (Genis-Vell),1011096,37
1591,Captain Marvel (Mar-Vell),1009224,37
1592,Ch'od,1009232,37
1593,Colossus,1009243,37
1594,Dagger,1009258,37
1595,Daredevil,1009262,37
1596,Darkstar,1009266,37
1597,Deathbird,1009270,37
1598,Doctor Strange,1009282,37
1599,Gambit,1009313,37
1600,Gladiator (Kallark),1009321,37
1601,Hawkeye,1009338,37
1602,Hepzibah,1009342,37
1603,Hercules,1009343,37
1604,Hulk,1009351,37
1605,Human Torch,1009356,37
1606,Hussar,1009358,37
1607,Invisible Woman,1009366,37
1608,Iron Man,1009368,37
1609,Lady Deathstrike,1009393,37
1610,Lilandra,1009402,37
1611,Moon Knight,1009452,37
1612,Moonstone,1010362,37
1613,Mr. Fantastic,1009459,37
1614,Mr. Fixit,1009460,37
1615,Namorita,1009469,37
1616,Nick Fury,1009471,37
1617,Nightcrawler,1009472,37
1618,Nightmare,1009473,37
1619,Nova,1009477,37
1620,Odin,1009480,37
1621,Professor X,1009504,37
1622,Psylocke,1009512,37
1623,Punisher,1009515,37
1624,Quasar (Phyla-Vell),1009523,37
1625,Raza,1009531,37
1626,Rick Jones,1009379,37
1627,Rogue,1009546,37
1628,Ronan,1010344,37
1629,Scarlet Witch,1009562,37
1630,She-Hulk (Jennifer Walters),1009583,37
1631,Sif,1009588,37
1632,Silver Surfer,1009592,37
1633,Skrulls,1009599,37
1634,Spider-Man,1009610,37
1635,Storm,1009629,37
1636,Sub-Mariner,1010791,37
1637,Sunfire,1009636,37
1638,Thing,1009662,37
1639,Thor,1009664,37
1640,Thunderbird (John Proudstar),1009666,37
1641,Thunderbird (Neal Shaara),1009667,37
1642,Thunderbolts,1010360,37
1643,Tigra (Greer Nelson),1009670,37
1644,Ulik,1010358,37
1645,Vision,1009697,37
1646,Warbird,1009703,37
1647,Warstar,1009706,37
1648,Wasp,1009707,37
1649,Wolverine,1009718,37
1650,Wonder Man,1009719,37
1651,X-Man,1009725,37
1652,X-Men,1009726,37
1653,Zaran,1010841,37
1654,Archangel,1009159,299
1655,Banshee,1009168,299
1656,Beast,1009175,299
1657,Bishop,1009182,299
1658,Cable,1009214,299
1659,Cannonball,1009219,299
1660,Colossus,1009243,299
1661,Cyclops,1009257,299
1662,Emma Frost,1009310,299
1663,Gambit,1009313,299
1664,Havok,1009337,299
1665,Iceman,1009362,299
1666,Jean Grey,1009327,299
1667,Jubilee,1009381,299
1668,Juggernaut,1009382,299
1669,Layla Miller,1011100,299
1670,Madrox,1009413,299
1671,Magneto,1009417,299
1672,Mercury,1010681,299
1673,Mister Sinister,1009447,299
1674,Mystique,1009465,299
1675,Nightcrawler,1009472,299
1676,Prodigy,1011030,299
1677,Professor X,1009504,299
1678,Prowler,1009507,299
1679,Psylocke,1009512,299
1680,Rockslide,1010692,299
1681,Rogue,1009546,299
1682,Sabretooth,1009554,299
1683,Sentinel,1009570,299
1684,Storm,1009629,299
1685,Surge,1010695,299
1686,Wolfsbane,1009717,299
1687,Wolverine,1009718,299
1688,X-23,1009722,299
1689,X-Factor,1010738,299
1690,X-Force,1009724,299
1691,X-Men,1009726,299
1692,Apocalypse,1009156,298
1693,Archangel,1009159,298
1694,Bishop,1009182,298
1695,Cable,1009214,298
1696,Deadpool,1009268,298
1697,Domino,1009277,298
1698,Elixir,1011082,298
1699,Hope Summers,1011428,298
1700,Stryfe,1009632,298
1701,Vanisher (Telford Porter),1011365,298
1702,Warpath,1009705,298
1703,Wolverine,1009718,298
1704,X-23,1009722,298
1705,X-Force,1009724,298
1706,X-Men,1009726,298
1707,Alpha Flight,1010370,333
1708,Avengers,1009165,333
1709,Captain America,1009220,333
1710,Captain Marvel (Carol Danvers),1010338,333
1711,Elsa Bloodstone,1010701,333
1712,Fin Fang Foom,1009303,333
1713,Inhumans,1009365,333
1714,Medusa,1009438,333
1715,Spider-Man,1009610,333
1716,Thor (Goddess of Thunder),1017576,333
1717,Alpha Flight,1010370,337
1718,Avengers,1009165,337
1719,Captain America,1009220,337
1720,Captain Marvel (Carol Danvers),1010338,337
1721,Elsa Bloodstone,1010701,337
1722,Fin Fang Foom,1009303,337
1723,Inhumans,1009365,337
1724,Medusa,1009438,337
1725,Spider-Man,1009610,337
1726,Thor (Goddess of Thunder),1017576,337
1727,Adam Warlock,1010354,263
1728,Archangel,1009159,263
1729,Arclight,1009160,263
1730,Avalanche,1009164,263
1731,Beast,1009175,263
1732,Blob,1009199,263
1733,Blockbuster,1009200,263
1734,Boom Boom,1010366,263
1735,Caliban,1009216,263
1736,Callisto,1009217,263
1737,Colossus,1009243,263
1738,Cyclops,1009257,263
1739,Daredevil,1009262,263
1740,Destiny,1009271,263
1741,Harpoon,1009336,263
1742,Iceman,1009362,263
1743,Lockheed,1009405,263
1744,Magma (Amara Aquilla),1009416,263
1745,Magneto,1009417,263
1746,Masque,1010367,263
1747,Mystique,1009465,263
1748,New Mutants,1011336,263
1749,Nightcrawler,1009472,263
1750,Power Pack,1010770,263
1751,Psylocke,1009512,263
1752,Pyro,1009522,263
1753,Riptide,1009543,263
1754,Rogue,1009546,263
1755,Sabretooth,1009554,263
1756,Selene,1009568,263
1757,Spiral (Rita Wayword),1009614,263
1758,Storm,1009629,263
1759,Sunspot,1009638,263
1760,Thor,1009664,263
1761,Vertigo (Savage Land Mutate),1009694,263
1762,Wolverine,1009718,263
1763,X-Factor,1010738,263
1764,X-Men,1009726,263
1765,Apocalypse,1009156,154
1766,Archangel,1009159,154
1767,Arclight,1009160,154
1768,Avengers,1009165,154
1769,Banshee,1009168,154
1770,Banshee (Theresa Rourke),1009596,154
1771,Bastion,1009171,154
1772,Beast,1009175,154
1773,Bishop,1009182,154
1774,Black Panther,1009187,154
1775,Black Widow,1009189,154
1776,Blink,1009197,154
1777,Cable,1009214,154
1778,Caliban,1009216,154
1779,Cannonball,1009219,154
1780,Captain America,1009220,154
1781,Captain Britain,1009223,154
1782,Colossus,1009243,154
1783,Crystal,1009255,154
1784,Cyclops,1009257,154
1785,Doctor Doom,1009281,154
1786,Doctor Strange,1009282,154
1787,Domino,1009277,154
1788,Dum Dum Dugan,1009284,154
1789,Elektra,1009288,154
1790,Excalibur,1010771,154
1791,Falcon,1009297,154
1792,Fantastic Four,1009299,154
1793,Forge,1009309,154
1794,Franklin Richards,1009539,154
1795,Gambit,1009313,154
1796,Gateway,1009315,154
1797,Generation X,1011285,154
1798,Hank Pym,1011490,154
1799,Harpoon,1009336,154
1800,Havok,1009337,154
1801,Hawkeye,1009338,154
1802,Holocaust (Age of Apocalypse),1009349,154
1803,Hulk,1009351,154
1804,Human Torch,1009356,154
1805,Husk,1009357,154
1806,Iceman,1009362,154
1807,Invisible Woman,1009366,154
1808,Iron Man,1009368,154
1809,J. Jonah Jameson,1009372,154
1810,Jean Grey,1009327,154
1811,Joseph,1009380,154
1812,Jubilee,1009381,154
1813,Juggernaut,1009382,154
1814,Kitty Pryde,1009508,154
1815,Lockheed,1009405,154
1816,Magneto,1009417,154
1817,Marauders,1009424,154
1818,Mary Jane Watson,1009708,154
1819,Meltdown,1009439,154
1820,Mister Sinister,1009447,154
1821,Mr. Fantastic,1009459,154
1822,Mystique,1009465,154
1823,Nightcrawler,1009472,154
1824,Odin,1009480,154
1825,Onslaught,1009483,154
1826,Ozymandias,1009488,154
1827,Peter Parker,1009491,154
1828,Polaris,1009499,154
1829,Post,1009501,154
1830,Professor X,1009504,154
1831,Psylocke,1009512,154
1832,Punisher,1009515,154
1833,Quicksilver,1009524,154
1834,Red Skull,1009535,154
1835,Risque,1009544,154
1836,Rogue,1009546,154
1837,Sabretooth,1009554,154
1838,Scalphunter,1011048,154
1839,Scarlet Witch,1009562,154
1840,Sentinel,1009570,154
1841,Sentinels,1011323,154
1842,Shard,1009579,154
1843,Shatterstar,1009580,154
1844,Spider-Man,1009610,154
1845,Spider-Man (Ben Reilly),1014858,154
1846,Stick,1009626,154
1847,Storm,1009629,154
1848,Sunspot,1009638,154
1849,Thing,1009662,154
1850,Thor,1009664,154
1851,Vertigo (Savage Land Mutate),1009694,154
1852,Vision,1009697,154
1853,Warpath,1009705,154
1854,Wasp,1009707,154
1855,Wolfsbane,1009717,154
1856,Wolverine,1009718,154
1857,X-Force,1009724,154
1858,X-Man,1009725,154
1859,X-Men,1009726,154
1860,Angela (Aldrif Odinsdottir),1017574,319
1861,Ant-Man (Eric O'Grady),1010802,319
1862,Avengers,1009165,319
1863,Black Bolt,1009184,319
1864,Black Panther,1009187,319
1865,Black Widow,1009189,319
1866,Blastaar,1009195,319
1867,Blue Marvel,1011339,319
1868,Captain America,1009220,319
1869,Dazzler,1009267,319
1870,Deadpool,1009268,319
1871,Deathlok,1010890,319
1872,Doctor Doom,1009281,319
1873,Doctor Strange,1009282,319
1874,Fantastic Four,1009299,319
1875,Franklin Richards,1009539,319
1876,Gamora,1010763,319
1877,Guardians of the Galaxy,1011299,319
1878,Hulk,1009351,319
1879,Iron Man,1009368,319
1880,Loki,1009407,319
1881,Ms. Marvel (Kamala Khan),1017577,319
1882,Nick Fury,1009471,319
1883,Odin,1009480,319
1884,Red Skull,1009535,319
1885,Rick Jones,1009379,319
1886,Scarlet Witch,1009562,319
1887,Spider-Man,1009610,319
1888,Thanos,1009652,319
1889,The Watchers,1009661,319
1890,Thor,1009664,319
1891,Uatu The Watcher,1009683,319
1892,Valeria Richards,1009525,319
1893,Winter Soldier,1010740,319
1894,Wolverine,1009718,319
1895,X-Men,1009726,319
1896,Young Avengers,1010698,319
1897,Avengers,1009165,266
1898,Black Panther,1009187,266
1899,Captain America,1009220,266
1900,Daredevil,1009262,266
1901,Doctor Strange,1009282,266
1902,Goliath (Bill Foster),1010927,266
1903,Hulk,1009351,266
1904,Iron Man,1009368,266
1905,Luke Cage,1009215,266
1906,Mary Jane Watson,1009708,266
1907,May Parker,1009490,266
1908,Morlun,1011088,266
1909,Mr. Fantastic,1009459,266
1910,Spider-Man,1009610,266
1911,Spider-Woman (Jessica Drew),1009608,266
1912,Tony Stark,1009624,266
1913,Wolverine,1009718,266
1914,Brood,1009208,212
1915,Champions,1010756,212
1916,Hiroim,1010703,212
1917,Hulk,1009351,212
1918,Korg,1011080,212
1919,Miek,1010924,212
1920,Silver Surfer,1009592,212
1921,Black Bolt,1009184,295
1922,Bug,1011038,295
1923,Crystal,1009255,295
1924,Darkhawk,1011020,295
1925,Drax,1010735,295
1926,Gladiator (Kallark),1009321,295
1927,Groot,1010743,295
1928,Guardians of the Galaxy,1011299,295
1929,Hulk,1009351,295
1930,Imperial Guard,1009363,295
1931,Inhumans,1009365,295
1932,Magus (Adam Warlock),1010904,295
1933,Maximus,1011305,295
1934,Medusa,1009438,295
1935,Moondragon,1009451,295
1936,Namorita,1009469,295
1937,Nova,1009477,295
1938,Quasar (Wendell Vaughn),1010778,295
1939,Rocket Raccoon,1010744,295
1940,Star-Lord (Peter Quill),1010733,295
1941,Thanos,1009652,295
1942,Amadeus Cho,1011227,336
1943,Ant-Man (Scott Lang),1010801,336
1944,Ares,1010784,336
1945,Avengers,1009165,336
1946,Beast,1009175,336
1947,Ben Urich,1010782,336
1948,Black Panther,1009187,336
1949,Black Widow,1009189,336
1950,Blade,1009191,336
1951,Blue Marvel,1011339,336
1952,"Bob, Agent of Hydra",1011119,336
1953,Cannonball,1009219,336
1954,Captain America,1009220,336
1955,Captain America (Sam Wilson),1017575,336
1956,Captain Marvel (Carol Danvers),1010338,336
1957,Colossus,1009243,336
1958,Dagger,1009258,336
1959,Daily Bugle,1010774,336
1960,Daredevil,1009262,336
1961,Deadpool,1009268,336
1962,Devil Dinosaur (Devil Dinosaur),1017583,336
1963,Doctor Octopus,1009276,336
1964,Doctor Strange,1009282,336
1965,Domino,1009277,336
1966,Ego,1011060,336
1967,Emma Frost,1009310,336
1968,Galactus,1009312,336
1969,Guardians of the Galaxy,1011299,336
1970,Hawkeye,1009338,336
1971,Hercules,1009343,336
1972,Human Torch,1009356,336
1973,Human Torch (Jim Hammond),1010932,336
1974,Hydra,1009359,336
1975,Inhumans,1009365,336
1976,Iron Fist (Danny Rand),1009367,336
1977,Iron Man,1009368,336
1978,Jessica Jones,1009378,336
1979,Karnak,1009385,336
1980,Kingpin,1009389,336
1981,Kitty Pryde,1009508,336
1982,Luke Cage,1009215,336
1983,Magik (Illyana Rasputin),1009415,336
1984,Misty Knight,1010682,336
1985,Mockingbird,1011220,336
1986,Moon Girl (Lunella Layfayette),1017814,336
1987,Mr. Hyde,1010347,336
1988,Ms. Marvel (Kamala Khan),1017577,336
1989,Namor,1009466,336
1990,Namora,1009468,336
1991,Nightcrawler,1009472,336
1992,Nova (Sam Alexander),1017078,336
1993,Polaris,1009499,336
1994,Quake (Daisy Johnson),1014528,336
1995,Quicksilver,1009524,336
1996,Rachel Grey,1009430,336
1997,Red Hulk,1011360,336
1998,Red Wolf,1010837,336
1999,Rogue,1009546,336
2000,Scarlet Witch,1009562,336
2001,Sharon Carter,1009228,336
2002,Spectrum,1010705,336
2003,Spider-Man,1009610,336
2004,Spider-Man (Miles Morales),1016181,336
2005,Spider-Woman (Jessica Drew),1009608,336
2006,Squirrel Girl,1010860,336
2007,Star Brand,1011307,336
2008,Storm,1009629,336
2009,Sunfire,1009636,336
2010,Sunspot,1009638,336
2011,Taskmaster,1009648,336
2012,Thor,1009664,336
2013,Thor (Goddess of Thunder),1017576,336
2014,Thunderbolts,1010360,336
2015,Toro (Thomas Raymond),1011309,336
2016,Ultimates,1010803,336
2017,Vision,1009697,336
2018,Wasp,1009707,336
2019,Winter Soldier,1010740,336
2020,X-Men,1009726,336
2021,Xorn (Kuan-Yin Xorn),1009734,336
2022,3-D Man,1011334,269
2023,Ajak,1011176,269
2024,Amadeus Cho,1011227,269
2025,Ant-Man (Eric O'Grady),1010802,269
2026,Ares,1010784,269
2027,Armory,1010827,269
2028,Avengers,1009165,269
2029,Banshee (Theresa Rourke),1009596,269
2030,Ben Urich,1010782,269
2031,Bengal,1010829,269
2032,Beta-Ray Bill,1009180,269
2033,Black Bolt,1009184,269
2034,Black Panther,1009187,269
2035,Black Widow,1009189,269
2036,Captain America,1009220,269
2037,Captain Britain,1009223,269
2038,Captain Marvel (Carol Danvers),1010338,269
2039,Captain Marvel (Mar-Vell),1009224,269
2040,Cloud 9,1010823,269
2041,Constrictor,1009245,269
2042,Crystal,1009255,269
2043,Daredevil,1009262,269
2044,Darkhawk,1011020,269
2045,Deadpool,1009268,269
2046,Debrii,1010717,269
2047,Doctor Doom,1009281,269
2048,Dum Dum Dugan,1009284,269
2049,Electro,1009287,269
2050,Elektra,1009288,269
2051,Emma Frost,1009310,269
2052,Fantastic Four,1009299,269
2053,Franklin Richards,1009539,269
2054,Gauntlet (Joseph Green),1009316,269
2055,Gorgon,1009324,269
2056,Gravity,1010702,269
2057,Guardians of the Galaxy,1011299,269
2058,GW Bridge,1009207,269
2059,Hank Pym,1011490,269
2060,Hardball,1010821,269
2061,Hercules,1009343,269
2062,Hulk,1009351,269
2063,Human Torch,1009356,269
2064,Inhumans,1009365,269
2065,Iron Man,1009368,269
2066,Iron Patriot (James Rhodes),1009538,269
2067,Jessica Jones,1009378,269
2068,Jocasta,1009376,269
2069,Johnny Storm,1009630,269
2070,Justice,1010760,269
2071,Ka-Zar,1011081,269
2072,Karnak,1009385,269
2073,Komodo (Melati Kusuma),1010818,269
2074,Kree,1011148,269
2075,Layla Miller,1011100,269
2076,Lockjaw,1009406,269
2077,Luke Cage,1009215,269
2078,Madame Masque,1010352,269
2079,Maria Hill,1011335,269
2080,Medusa,1009438,269
2081,Mr. Fantastic,1009459,269
2082,MVP,1010826,269
2083,Namor,1009466,269
2084,New Warriors,1010683,269
2085,Nick Fury,1009471,269
2086,Night Thrasher,1010684,269
2087,Nightmare,1009473,269
2088,Norman Osborn,1009325,269
2089,Nova,1009477,269
2090,Quake (Daisy Johnson),1014528,269
2091,Quasar (Wendell Vaughn),1010778,269
2092,Rage,1010817,269
2093,Sasquatch (Walter Langkowski),1009560,269
2094,Sentry (Robert Reynolds),1009571,269
2095,Shanna the She-Devil,1009578,269
2096,She-Hulk (Jennifer Walters),1009583,269
2097,Skrulls,1009599,269
2098,Slapstick,1011057,269
2099,Snowbird,1009606,269
2100,Spider-Man,1009610,269
2101,Spider-Woman (Jessica Drew),1009608,269
2102,Spitfire,1010899,269
2103,Stephen Strange,1010901,269
2104,Storm,1009629,269
2105,Super-Skrull,1009639,269
2106,Taskmaster,1009648,269
2107,Tempest,1009650,269
2108,The Hand,1010359,269
2109,The Hood,1010715,269
2110,The Liberteens,1011216,269
2111,Thing,1009662,269
2112,Thor,1009664,269
2113,Thor Girl,1010820,269
2114,Thunderbolts,1010360,269
2115,Tigra (Greer Nelson),1009670,269
2116,Trauma,1010822,269
2117,Triton,1010335,269
2118,Valeria Richards,1009525,269
2119,Wasp,1009707,269
2120,Wolverine,1009718,269
2121,X-Men,1009726,269
2122,Absorbing Man,1009148,270
2123,Amiko,1009151,270
2124,Avalanche,1009164,270
2125,Avengers,1009165,270
2126,Beyonder,1011138,270
2127,Black Cat,1009185,270
2128,Black Widow,1009189,270
2129,Blob,1009199,270
2130,Caliban,1009216,270
2131,Captain America,1009220,270
2132,Captain Marvel (Mar-Vell),1009224,270
2133,Captain Marvel (Monica Rambeau),1011095,270
2134,Charles Xavier,1009733,270
2135,Colossus,1009243,270
2136,Curt Conners,1009244,270
2137,Cyclops,1009257,270
2138,Daredevil,1009262,270
2139,Destiny,1009271,270
2140,Doctor Doom,1009281,270
2141,Doctor Octopus,1009276,270
2142,Doctor Strange,1009282,270
2143,Emma Frost,1009310,270
2144,Fantastic Four,1009299,270
2145,Galactus,1009312,270
2146,Harry Osborn,1009486,270
2147,Hawkeye,1009338,270
2148,Hulk,1009351,270
2149,Human Torch,1009356,270
2150,Invisible Woman,1009366,270
2151,Iron Man,1009368,270
2152,J. Jonah Jameson,1009372,270
2153,Kingpin,1009389,270
2154,Kitty Pryde,1009508,270
2155,Klaw,1009390,270
2156,Lizard,1009404,270
2157,Lockheed,1009405,270
2158,Madelyne Pryor,1009509,270
2159,Magneto,1009417,270
2160,Masque,1010367,270
2161,Mr. Fantastic,1009459,270
2162,New Mutants,1011336,270
2163,Nightcrawler,1009472,270
2164,Peter Parker,1009491,270
2165,Professor X,1009504,270
2166,Pyro,1009522,270
2167,Quasar (Phyla-Vell),1009523,270
2168,Robbie Robertson,1009545,270
2169,Rogue,1009546,270
2170,Scarlet Witch,1009562,270
2171,She-Hulk (Jennifer Walters),1009583,270
2172,Spider-Man,1009610,270
2173,Spider-Woman (Jessica Drew),1009608,270
2174,Starfox,1011084,270
2175,Storm,1009629,270
2176,Sunfire,1009636,270
2177,Thing,1009662,270
2178,Thor,1009664,270
2179,Tigra (Greer Nelson),1009670,270
2180,Ultron,1009685,270
2181,Vision,1009697,270
2182,Wasp,1009707,270
2183,Wolverine,1009718,270
2184,X-Men,1009726,270
2185,Avengers,1009165,323
2186,Black Bolt,1009184,323
2187,Fantastic Four,1009299,323
2188,Inhumans,1009365,323
2189,Magneto,1009417,323
2190,Medusa,1009438,323
2191,Polaris,1009499,323
2192,Punisher,1009515,323
2193,Sugar Man,1011212,323
2194,Adam Warlock,1010354,271
2195,Alpha Flight,1010370,271
2196,Avengers,1009165,271
2197,Beyonder,1011138,271
2198,Black Knight (Sir Percy of Scandia),1009186,271
2199,Cannonball,1009219,271
2200,Captain America,1009220,271
2201,Captain Marvel (Mar-Vell),1009224,271
2202,Ch'od,1009232,271
2203,Cloak,1009241,271
2204,Colossus,1009243,271
2205,Cyclops,1009257,271
2206,Dagger,1009258,271
2207,Dani Moonstar,1009453,271
2208,Daredevil,1009262,271
2209,Dazzler,1009267,271
2210,Defenders,1011023,271
2211,Doctor Doom,1009281,271
2212,Doctor Strange,1009282,271
2213,Fantastic Four,1009299,271
2214,Firelord,1009305,271
2215,Galactus,1009312,271
2216,Hepzibah,1009342,271
2217,Hercules,1009343,271
2218,Hulk,1009351,271
2219,Human Torch,1009356,271
2220,Invisible Woman,1009366,271
2221,Iron Fist (Danny Rand),1009367,271
2222,Iron Man,1009368,271
2223,J. Jonah Jameson,1009372,271
2224,Jean Grey,1009327,271
2225,Kingpin,1009389,271
2226,Kitty Pryde,1009508,271
2227,Legion,1009399,271
2228,Lilandra,1009402,271
2229,Loki,1009407,271
2230,Luke Cage,1009215,271
2231,Magneto,1009417,271
2232,Mary Jane Watson,1009708,271
2233,Mephisto,1009440,271
2234,Molecule Man,1011019,271
2235,Mr. Fantastic,1009459,271
2236,Namor,1009466,271
2237,Nebula,1010365,271
2238,New Mutants,1011336,271
2239,Nightcrawler,1009472,271
2240,Power Pack,1010770,271
2241,Professor X,1009504,271
2242,Puma,1009514,271
2243,Quasar (Phyla-Vell),1009523,271
2244,Raza,1009531,271
2245,Rogue,1009546,271
2246,Scarlet Witch,1009562,271
2247,She-Hulk (Jennifer Walters),1009583,271
2248,Silver Surfer,1009592,271
2249,Skrulls,1009599,271
2250,Spider-Man,1009610,271
2251,Storm,1009629,271
2252,Sunspot,1009638,271
2253,Thanos,1009652,271
2254,Thing,1009662,271
2255,Thor,1009664,271
2256,Vision,1009697,271
2257,Wasp,1009707,271
2258,Wolfsbane,1009717,271
2259,Wolverine,1009718,271
2260,Wonder Man,1009719,271
2261,X-Men,1009726,271
2262,Black Tarantula,1010687,59
2263,Bullseye,1009212,59
2264,Captain America,1009220,59
2265,Colleen Wing,1010676,59
2266,Dakota North,1011333,59
2267,Daredevil,1009262,59
2268,Elektra,1009288,59
2269,Foggy Nelson,1009470,59
2270,Ghost Rider (Johnny Blaze),1009318,59
2271,Iron Fist (Danny Rand),1009367,59
2272,Iron Man,1009368,59
2273,J. Jonah Jameson,1009372,59
2274,Kingpin,1009389,59
2275,Lady Bullseye,1011327,59
2276,Luke Cage,1009215,59
2277,Misty Knight,1010682,59
2278,Moon Knight,1009452,59
2279,Punisher,1009515,59
2280,Shang-Chi,1009577,59
2281,Spider-Man,1009610,59
2282,The Hand,1010359,59
2283,Thor,1009664,59
2284,Thunderbolts,1010360,59
2285,Typhoid Mary,1010369,59
2286,White Tiger (Angela Del Toro),1010853,59
2287,Wolverine,1009718,59
2288,Ant-Man (Eric O'Grady),1010802,309
2289,Avengers,1009165,309
2290,Black Widow,1009189,309
2291,Captain America,1009220,309
2292,Crossbones,1009252,309
2293,Daimon Hellstrom,1010719,309
2294,Deadpool,1009268,309
2295,Defenders,1011023,309
2296,Doctor Strange,1009282,309
2297,Giant Man,1009320,309
2298,Hawkeye,1009338,309
2299,Hulk,1009351,309
2300,Invisible Woman,1009366,309
2301,Iron Fist (Danny Rand),1009367,309
2302,Iron Man,1009368,309
2303,Iron Patriot,1009487,309
2304,Jocasta,1009376,309
2305,Juggernaut,1009382,309
2306,Justice,1010760,309
2307,Lightspeed,1010450,309
2308,Loki,1009407,309
2309,Magneto,1009417,309
2310,Mephisto,1009440,309
2311,Mr. Fantastic,1009459,309
2312,Namor,1009466,309
2313,Nick Fury,1009471,309
2314,Nightmare,1009473,309
2315,Odin,1009480,309
2316,Quake (Daisy Johnson),1014528,309
2317,Quicksilver,1009524,309
2318,Reptil,1011376,309
2319,Shang-Chi,1009577,309
2320,Sharon Carter,1009228,309
2321,Silver Surfer,1009592,309
2322,Sin,1010898,309
2323,Spider-Man,1009610,309
2324,Sub-Mariner,1010791,309
2325,Taskmaster,1009648,309
2326,Thing,1009662,309
2327,Thor,1009664,309
2328,Tigra (Greer Nelson),1009670,309
2329,White Tiger (Angela Del Toro),1010853,309
2330,Winter Soldier,1010740,309
2331,Wolverine,1009718,309
2332,X-Men,1009726,309
2333,Absorbing Man,1009148,273
2334,Amadeus Cho,1011227,273
2335,Ant-Man (Eric O'Grady),1010802,273
2336,Avengers,1009165,273
2337,Bengal,1010829,273
2338,Captain America,1009220,273
2339,Constrictor,1009245,273
2340,Cyclops,1009257,273
2341,Dani Moonstar,1009453,273
2342,Daredevil,1009262,273
2343,Dark Avengers,1011367,273
2344,Diamondback (Rachel Leighton),1009274,273
2345,Edwin Jarvis,1011072,273
2346,Emma Frost,1009310,273
2347,Fantastic Four,1009299,273
2348,Gauntlet (Joseph Green),1009316,273
2349,Hank Pym,1011490,273
2350,Hawkeye,1009338,273
2351,Hawkeye (Kate Bishop),1010808,273
2352,Hercules,1009343,273
2353,Hulkling,1009355,273
2354,Invisible Woman,1009366,273
2355,Iron Man,1009368,273
2356,Iron Patriot,1009487,273
2357,Jessica Jones,1009378,273
2358,Jocasta,1009376,273
2359,Johnny Storm,1009630,273
2360,Justice,1010760,273
2361,Kate Bishop,1010810,273
2362,Loki,1009407,273
2363,Luke Cage,1009215,273
2364,Madame Masque,1010352,273
2365,Mandrill,1011243,273
2366,Marvel Boy,1009427,273
2367,Mockingbird,1011220,273
2368,Moonstone,1010362,273
2369,New Mutants,1011336,273
2370,Nick Fury,1009471,273
2371,Norman Osborn,1009325,273
2372,Penance (Robert Baldwin),1009493,273
2373,Quake (Daisy Johnson),1014528,273
2374,Quicksilver,1009524,273
2375,Rage,1010817,273
2376,Rogue,1009546,273
2377,Scarlet Witch,1009562,273
2378,Secret Warriors,1011368,273
2379,Sentry (Robert Reynolds),1009571,273
2380,Slapstick,1011057,273
2381,Speed,1010833,273
2382,Spider-Man,1009610,273
2383,Spider-Woman (Jessica Drew),1009608,273
2384,Stature,1010828,273
2385,Steve Rogers,1010326,273
2386,Taskmaster,1009648,273
2387,The Hood,1010715,273
2388,Thing,1009662,273
2389,Thor,1009664,273
2390,Thunderbolts,1010360,273
2391,Tigra (Greer Nelson),1009670,273
2392,Tony Stark,1009624,273
2393,U.S. Agent,1009682,273
2394,Ultron,1009685,273
2395,Vision,1009697,273
2396,Wiccan,1009714,273
2397,Winter Soldier,1010740,273
2398,Wrecking Crew,1010883,273
2399,Young Avengers,1010698,273
2400,Blade,1009191,219
2401,Caretaker,1010143,219
2402,Doctor Strange,1009282,219
2403,Ghost Rider (Johnny Blaze),1009318,219
2404,Man-Thing,1009420,219
2405,Morbius,1009454,219
2406,Scarlet Witch,1009562,219
2407,Spider-Man,1009610,219
2408,Vengeance (Michael Badilino),1009691,219
2409,Wong,1009720,219
2410,Arachne,1010773,305
2411,Avengers,1009165,305
2412,Betty Brant,1010325,305
2413,Black Panther,1009187,305
2414,Captain Marvel (Carol Danvers),1010338,305
2415,Carlie Cooper,1011258,305
2416,Cloak,1009241,305
2417,Dagger,1009258,305
2418,Elektra,1009288,305
2419,Emma Frost,1009310,305
2420,Firestar,1009306,305
2421,Frog-Man,1010670,305
2422,Gambit,1009313,305
2423,Gravity,1010702,305
2424,Green Goblin (Harry Osborn),1010928,305
2425,Hawkeye,1009338,305
2426,Hercules,1009343,305
2427,Hobgoblin (Roderick Kingsley),1009347,305
2428,Hulk,1009351,305
2429,Invisible Woman,1009366,305
2430,Iron Fist (Danny Rand),1009367,305
2431,Iron Man,1009368,305
2432,J. Jonah Jameson,1009372,305
2433,Jackal,1011288,305
2434,Jessica Jones,1009378,305
2435,Kingpin,1009389,305
2436,Luke Cage,1009215,305
2437,Mary Jane Watson,1009708,305
2438,May Parker,1009490,305
2439,Misty Knight,1010682,305
2440,Mr. Fantastic,1009459,305
2441,Mr. Negative,1011244,305
2442,Paladin,1010873,305
2443,Shang-Chi,1009577,305
2444,Shocker (Herman Schultz),1009585,305
2445,Spider-Girl (Anya Corazon),1009157,305
2446,Spider-Man,1009610,305
2447,Spider-Woman (Jessica Drew),1009608,305
2448,Storm,1009629,305
2449,Thing,1009662,305
2450,Toxin (Eddie Brock),1009692,305
2451,Venom (Flash Thompson),1009663,305
2452,Venom (Mac Gargan),1010788,305
2453,Winter Soldier,1010740,305
2454,Wolverine,1009718,305
2455,Wraith,1010737,305
2456,X-Men,1009726,305
2457,Morlun,1011088,321
2458,Spider-Gwen (Spider-Gwen),1017603,321
2459,Spider-Man,1009610,321
2460,Spider-Man (Miles Morales),1016181,321
2461,Beta-Ray Bill,1009180,294
2462,Captain Marvel (Mar-Vell),1009224,294
2463,Cosmo (dog),1011353,294
2464,Fantastic Four,1009299,294
2465,Gamora,1010763,294
2466,Gladiator (Kallark),1009321,294
2467,Guardians of the Galaxy,1011299,294
2468,Inhumans,1009365,294
2469,Karnak,1009385,294
2470,Magus (Adam Warlock),1010904,294
2471,Medusa,1009438,294
2472,Namorita,1009469,294
2473,Nova,1009477,294
2474,Quasar (Wendell Vaughn),1010778,294
2475,Rocket Raccoon,1010744,294
2476,Ronan,1010344,294
2477,Silver Surfer,1009592,294
2478,Star-Lord (Peter Quill),1010733,294
2479,Thanos,1009652,294
2480,Vision,1009697,294
2481,Archangel,1009159,276
2482,Black Bolt,1009184,276
2483,Crystal,1009255,276
2484,Deathbird,1009270,276
2485,Gorgon,1009324,276
2486,Guardians of the Galaxy,1011299,276
2487,Havok,1009337,276
2488,Karnak,1009385,276
2489,Lilandra,1009402,276
2490,Manta,1009423,276
2491,Maximus,1011305,276
2492,Medusa,1009438,276
2493,Mentor,1011184,276
2494,Nova,1009477,276
2495,Polaris,1009499,276
2496,Quasar (Wendell Vaughn),1010778,276
2497,Rachel Grey,1009430,276
2498,Ronan,1010344,276
2499,Shi'Ar,1011093,276
2500,Smasher (Vril Rokk),1009603,276
2501,Starbolt,1009621,276
2502,Sub-Mariner,1010791,276
2503,Triton,1010335,276
2504,Vulcan (Gabriel Summers),1011011,276
2505,X-Men,1009726,276
2506,Ant-Man (Eric O'Grady),1010802,277
2507,Archangel,1009159,277
2508,Avengers,1009165,277
2509,Ben Urich,1010782,277
2510,Black Bolt,1009184,277
2511,Black Cat,1009185,277
2512,Black Panther,1009187,277
2513,Brood,1009208,277
2514,Captain Marvel (Carol Danvers),1010338,277
2515,Cloud 9,1010823,277
2516,Colleen Wing,1010676,277
2517,Colossus,1009243,277
2518,Constrictor,1009245,277
2519,Cyclops,1009257,277
2520,Debrii,1010717,277
2521,Doctor Strange,1009282,277
2522,Fantastic Four,1009299,277
2523,Gauntlet (Joseph Green),1009316,277
2524,Ghost Rider (Johnny Blaze),1009318,277
2525,Hardball,1010821,277
2526,Henry Peter Gyrich,1011371,277
2527,Hercules,1009343,277
2528,Heroes For Hire,1010759,277
2529,Hulk,1009351,277
2530,Human Torch,1009356,277
2531,Humbug,1010675,277
2532,Iceman,1009362,277
2533,Invisible Woman,1009366,277
2534,Iron Man,1009368,277
2535,Justice,1010760,277
2536,Komodo (Melati Kusuma),1010818,277
2537,Misty Knight,1010682,277
2538,Mr. Fantastic,1009459,277
2539,Namora,1009468,277
2540,Nightcrawler,1009472,277
2541,Professor X,1009504,277
2542,Rage,1010817,277
2543,Rogue,1009546,277
2544,Sally Floyd,1011126,277
2545,Scorpion (Carmilla Black),1010790,277
2546,Sentry (Robert Reynolds),1009571,277
2547,Shang-Chi,1009577,277
2548,She-Hulk (Jennifer Walters),1009583,277
2549,Slapstick,1011057,277
2550,Spider-Man,1009610,277
2551,Tarantula (Luis Alvarez),1010713,277
2552,The Initiative,1010998,277
2553,Thing,1009662,277
2554,Thor Girl,1010820,277
2555,Tigra (Greer Nelson),1009670,277
2556,Trauma,1010822,277
2557,Triathlon,1010825,277
2558,Wolverine,1009718,277
2559,X-Men,1009726,277
2560,Bruce Banner,1009167,60
2561,Bucky,1009211,60
2562,Captain America,1009220,60
2563,Deadpool,1009268,60
2564,Devil Dinosaur (Devil Dinosaur),1017583,60
2565,Hawkeye,1009338,60
2566,Hulk,1009351,60
2567,Human Torch,1009356,60
2568,Iceman,1009362,60
2569,M.O.D.O.K.,1010726,60
2570,Red Hulk,1011360,60
2571,Red She-Hulk,1011436,60
2572,Skaar,1011223,60
2573,Spider-Man,1009610,60
2574,Thing,1009662,60
2575,Thor,1009664,60
2576,Winter Soldier,1010740,60
2577,Wolverine,1009718,60
2578,Angel (Warren Worthington III),1009153,316
2579,Beast,1009175,316
2580,Cerebro,1009231,316
2581,Charles Xavier,1009733,316
2582,Colossus,1009243,316
2583,Cyclops,1009257,316
2584,Dazzler,1009267,316
2585,Deadpool,1009268,316
2586,Emma Frost,1009310,316
2587,Iceman,1009362,316
2588,Jean Grey,1009327,316
2589,Kitty Pryde,1009508,316
2590,Magik (Illyana Rasputin),1009415,316
2591,Magneto,1009417,316
2592,Maria Hill,1011335,316
2593,Molly Hayes,1010691,316
2594,Psylocke,1009512,316
2595,Rachel Grey,1009430,316
2596,Stepford Cuckoos,1009625,316
2597,Storm,1009629,316
2598,Wiccan,1009714,316
2599,Wolverine,1009718,316
2600,X-23,1009722,316
2601,X-Men,1009726,316
2602,Archangel,1009159,308
2603,Beast,1009175,308
2604,Blink,1009197,308
2605,Captain Britain,1009223,308
2606,Celestials,1010813,308
2607,Colossus,1009243,308
2608,Cyclops,1009257,308
2609,Cypher,1011385,308
2610,Dark Beast,1010907,308
2611,Deadpool,1009268,308
2612,Deathlok,1010890,308
2613,Emma Frost,1009310,308
2614,Exodus,1009295,308
2615,Fantomex,1009301,308
2616,Gambit,1009313,308
2617,Hope Summers,1011428,308
2618,Iceman,1009362,308
2619,Jamie Braddock,1011343,308
2620,Jean Grey,1009327,308
2621,Kitty Pryde,1009508,308
2622,Lady Deathstrike,1009393,308
2623,Layla Miller,1011100,308
2624,Madrox,1009413,308
2625,Magma (Amara Aquilla),1009416,308
2626,Magneto,1009417,308
2627,Mister Sinister,1009447,308
2628,Mystique,1009465,308
2629,Namor,1009466,308
2630,New Mutants,1011336,308
2631,Nightcrawler,1009472,308
2632,Psylocke,1009512,308
2633,Rogue,1009546,308
2634,Sabretooth,1009554,308
2635,Sebastian Shaw,1009581,308
2636,Storm,1009629,308
2637,Strong Guy,1011051,308
2638,Sub-Mariner,1010791,308
2639,Sunfire,1009636,308
2640,Sunspot,1009638,308
2641,Warlock (Technarchy),1011287,308
2642,Wolfsbane,1009717,308
2643,Wolverine,1009718,308
2644,X-Factor,1010738,308
2645,X-Force,1009724,308
2646,X-Man,1009725,308
2647,X-Men,1009726,308
2648,Angel (Warren Worthington III),1009153,306
2649,Colossus,1009243,306
2650,Cyclops,1009257,306
2651,Deadpool,1009268,306
2652,Emma Frost,1009310,306
2653,Gambit,1009313,306
2654,Hope Summers,1011428,306
2655,Kitty Pryde,1009508,306
2656,Magneto,1009417,306
2657,Namor,1009466,306
2658,Nemesis,1011086,306
2659,Northstar,1009476,306
2660,Professor X,1009504,306
2661,Psylocke,1009512,306
2662,Sentinel,1009570,306
2663,Sentinels,1011323,306
2664,Sub-Mariner,1010791,306
2665,Wolverine,1009718,306
2666,X-Men,1009726,306
2667,Avengers,1009165,279
2668,Banshee,1009168,279
2669,Banshee (Theresa Rourke),1009596,279
2670,Bastion,1009171,279
2671,Beast,1009175,279
2672,Cable,1009214,279
2673,Cannonball,1009219,279
2674,Colossus,1009243,279
2675,Cyclops,1009257,279
2676,Dazzler,1009267,279
2677,Domino,1009277,279
2678,Emma Frost,1009310,279
2679,Gambit,1009313,279
2680,Hope Summers,1011428,279
2681,Iceman,1009362,279
2682,M (Monet St. Croix),1011068,279
2683,Madrox,1009413,279
2684,Magik (Illyana Rasputin),1009415,279
2685,New Mutants,1011336,279
2686,Nightcrawler,1009472,279
2687,Northstar,1009476,279
2688,Pixie,1011179,279
2689,Psylocke,1009512,279
2690,Rogue,1009546,279
2691,Sentinel,1009570,279
2692,Storm,1009629,279
2693,Strong Guy,1011051,279
2694,Wolverine,1009718,279
2695,X-Factor,1010738,279
2696,X-Force,1009724,279
2697,X-Men,1009726,279
2698,Adam Warlock,1010354,280
2699,Archangel,1009159,280
2700,Banshee,1009168,280
2701,Beast,1009175,280
2702,Boom Boom,1010366,280
2703,Cable,1009214,280
2704,Cannonball,1009219,280
2705,Cyclops,1009257,280
2706,Forge,1009309,280
2707,Gambit,1009313,280
2708,Havok,1009337,280
2709,Iceman,1009362,280
2710,Jubilee,1009381,280
2711,New Mutants,1011336,280
2712,Psylocke,1009512,280
2713,Punisher,1009515,280
2714,Rictor,1009542,280
2715,She-Hulk (Jennifer Walters),1009583,280
2716,Storm,1009629,280
2717,Sunspot,1009638,280
2718,Wolverine,1009718,280
2719,X-Men,1009726,280
